Time (s),Mass (kg),Average mass (kg),Pull force (kg)
0.000880957,1.4803,65.89314135,64.4127
1.914277792,0.009,,65.884
1.926527977,0.0112,,65.8818
1.938806057,0.0007,,65.8923
1.952640057,0.0037,,65.8893
1.963926792,0.0287,,65.8643
1.976680994,0.0234,,65.8696
1.988289833,0.0108,,65.8822
2.000267029,0.0108,,65.8822
2.014916897,0.0141,,65.8789
2.025009871,0.033,,65.86
2.038880825,0.0212,,65.8718
2.050784111,0.0215,,65.8715
2.061895847,0.0156,,65.8774
2.074050903,0.0029,,65.8901
2.086216927,0.002,,65.891
2.098822832,0.0155,,65.8775
2.111150742,0.0253,,65.8677
2.123322964,0.0078,,65.8852
2.135687828,0.0023,,65.8907
2.147666931,0.0283,,65.8647
2.159937143,0.0298,,65.8632
2.172190905,0.0271,,65.8659
2.184978008,0.0226,,65.8704
2.196832895,0.0279,,65.8651
2.209609985,0.0214,,65.8716
2.221801996,0.0089,,65.8841
2.233730793,0.0049,,65.8881
2.245922804,0.0058,,65.8872
2.258595943,0.0019,,65.8911
2.270493984,0.0152,,65.8778
2.282814026,0.0204,,65.8726
2.295173883,0.0169,,65.8761
2.307365894,0.012,,65.881
2.319711924,0.0047,,65.8883
2.331918955,0.0008,,65.8922
2.344173908,0.028,,65.865
2.356524706,0.0265,,65.8665
2.368806839,0.0123,,65.8807
2.381038904,0.0018,,65.8912
2.393366098,0.0166,,65.8764
2.405633688,0.0192,,65.8738
2.417917967,0.0014,,65.8916
2.430224895,0.0029,,65.8901
2.442867041,0.0148,,65.8782
2.450845003,0.0095,,65.8835
2.463114023,0.0077,,65.8853
2.475590944,0.0039,,65.8891
2.48791194,0.0202,,65.8728
2.499908924,0.0115,,65.8815
2.51274991,0.003,,65.89
2.524981976,0.026,,65.867
2.536808014,0.0056,,65.8874
2.549063921,0.0031,,65.8899
2.561338902,0.0106,,65.8824
2.573983908,0.0024,,65.8906
2.585925817,0.017,,65.876
2.598185062,0.0074,,65.8856
2.610570908,0.0043,,65.8887
2.622834921,0.0169,,65.8761
2.63509798,0.0151,,65.8779
2.647403002,0.0025,,65.8905
2.659951925,0.0083,,65.8847
2.672092915,0.0075,,65.8855
2.684278727,0.0063,,65.8867
2.696650982,0.0033,,65.8897
2.709088802,0.0047,,65.8883
2.721103907,0.0068,,65.8862
2.733459949,0.0223,,65.8707
2.745803118,0.026,,65.867
2.759278774,0.0165,,65.8765
2.770416975,0.0038,,65.8892
2.786502838,0.0024,,65.8906
2.798821926,0.0119,,65.8811
2.811121941,0.0005,,65.8925
2.823438883,0.0228,,65.8702
2.835771799,0.0279,,65.8651
2.848098755,0.0103,,65.8827
2.860311747,0.0104,,65.8826
2.872576952,0.0086,,65.8844
2.884912968,0.0122,,65.8808
2.897368908,0.0238,,65.8692
2.90977478,0.0098,,65.8832
2.921788931,0.0021,,65.8909
2.934368849,0.0006,,65.8924
2.946367025,0.0015,,65.8915
2.95972681,0.0178,,65.8752
2.970990896,0.0294,,65.8636
2.983217955,0.0182,,65.8748
2.995617867,0.0156,,65.8774
3.008150101,0.0057,,65.8873
3.02008605,0.006,,65.887
3.032368898,0.0007,,65.8923
3.045455933,0.019,,65.874
3.060944796,0.0092,,65.8838
3.07327795,0.0005,,65.8925
3.08562994,0.0128,,65.8802
3.097899675,0.0419,,65.8511
3.11025691,0.042,,65.851
3.122411013,0.0053,,65.8877
3.134699106,0.0098,,65.8832
3.14714098,0.0224,,65.8706
3.159654856,0.0369,,65.8561
3.171586752,0.0266,,65.8664
3.183887959,0.026,,65.867
3.196175814,0.009,,65.884
3.208537817,0.0143,,65.8787
3.220826864,0.0182,,65.8748
3.233184099,0.0259,,65.8671
3.24531579,0.0346,,65.8584
3.258114815,0.0206,,65.8724
3.269941092,0.0031,,65.8899
3.282390118,0.0187,,65.8743
3.29460001,0.0166,,65.8764
3.306786776,0.0018,,65.8912
3.319222689,0.0024,,65.8906
3.335361004,0.0113,,65.8817
3.347725868,0.0206,,65.8724
3.359935999,0.0285,,65.8645
3.372248888,0.0272,,65.8658
3.384534836,0.0153,,65.8777
3.396872997,0.0004,,65.8926
3.409249783,0.007,,65.886
3.421413898,0.0021,,65.8909
3.433921099,0.0119,,65.8811
3.446034908,0.0074,,65.8856
3.458420038,0.0006,,65.8924
3.470579863,0.0029,,65.8901
3.483042717,0.0036,,65.8894
3.495352745,0.0007,,65.8923
3.507771969,0.0083,,65.8847
3.519850016,0.017,,65.876
3.533191919,0.0139,,65.8791
3.544425964,0.02,,65.873
3.556627989,0.0143,,65.8787
3.569052935,0.01,,65.883
3.581424952,0.01,,65.883
3.593611717,0.0085,,65.8845
3.610489845,0.0049,,65.8881
3.622056961,0.003,,65.89
3.634359837,0.0117,,65.8813
3.646694899,0.0187,,65.8743
3.658972025,0.025,,65.868
3.671227932,0.0344,,65.8586
3.683638096,0.0105,,65.8825
3.696022749,0.0007,,65.8923
3.708396912,0.0146,,65.8784
3.721062899,0.0013,,65.8917
3.732757092,0.0046,,65.8884
3.744982004,0.0127,,65.8803
3.758045912,0.0266,,65.8664
3.769747972,0.0017,,65.8913
3.782016039,0.0013,,65.8917
3.794243813,0.0022,,65.8908
3.806445837,0.0176,,65.8754
3.818835974,0.0143,,65.8787
3.831108809,0.008,,65.885
3.843457699,0.0023,,65.8907
3.855631828,0.0094,,65.8836
3.868075848,0.0012,,65.8918
3.88417387,0.0033,,65.8897
3.896515846,0.0103,,65.8827
3.908925056,0.0043,,65.8887
3.92116189,0.0102,,65.8828
3.934025049,0.0329,,65.8601
3.94584775,0.0179,,65.8751
3.958009958,0.0055,,65.8875
3.970307827,0.0047,,65.8883
3.982722759,0.0207,,65.8723
3.994983912,0.0115,,65.8815
4.007126808,0.0137,,65.8793
4.019555807,0.009,,65.884
4.031892061,0.0039,,65.8891
4.044141769,0.0077,,65.8853
4.056264877,0.0055,,65.8875
4.069197893,0.0009,,65.8921
4.081161976,0.0105,,65.8825
4.093580723,0.0146,,65.8784
4.105472088,0.019,,65.874
4.11794281,0.0309,,65.8621
4.130157948,0.024,,65.869
4.142514944,0.0203,,65.8727
4.158605814,0.0189,,65.8741
4.171388865,0.026,,65.867
4.183269978,0.0481,,65.8449
4.195616722,0.0108,,65.8822
4.207832813,0.031,,65.862
4.220258713,0.0063,,65.8867
4.232416868,0.0209,,65.8721
4.244714022,0.0291,,65.8639
4.25695014,0.0059,,65.8871
4.269355059,0.0236,,65.8694
4.281782866,0.0066,,65.8864
4.293968916,0.0215,,65.8715
4.306134701,0.0022,,65.8908
4.318491936,0.0155,,65.8775
4.330849886,0.0172,,65.8758
4.343207836,0.0034,,65.8896
4.355331898,0.0019,,65.8911
4.367685795,0.0102,,65.8828
4.380029917,0.007,,65.886
4.392370939,0.0083,,65.8847
4.404441833,0.0042,,65.8888
4.41675806,0.0016,,65.8914
4.433075905,0.0265,,65.8665
4.445431709,0.0075,,65.8855
4.45765996,0.0035,,65.8895
4.469967842,0.0081,,65.8849
4.482321978,0.0205,,65.8725
4.49455905,0.013,,65.88
4.506787777,0.004,,65.889
4.519158125,0.0037,,65.8893
4.531754971,0.0122,,65.8808
4.543710947,0.0047,,65.8883
4.555939913,0.0064,,65.8866
4.568471909,0.0139,,65.8791
4.580636978,0.0128,,65.8802
4.593496799,0.009,,65.884
4.605142832,0.0005,,65.8925
4.617623806,0.0067,,65.8863
4.629809856,0.0072,,65.8858
4.642138958,0.0111,,65.8819
4.654413939,0.0084,,65.8846
4.667474031,0.0175,,65.8755
4.679497957,0.0142,,65.8788
4.691307783,0.0079,,65.8851
4.7074368,0.0192,,65.8738
4.719819069,0.0305,,65.8625
4.732113838,0.0035,,65.8895
4.744392872,0.0139,,65.8791
4.756603956,0.0076,,65.8854
4.76898098,0.0037,,65.8893
4.781249762,0.0017,,65.8913
4.793750763,0.001,,65.892
4.805814028,0.0076,,65.8854
4.818178892,0.0131,,65.8799
4.830638885,0.0112,,65.8818
4.842776775,0.016,,65.877
4.854964018,0.0047,,65.8883
4.867462873,0.0054,,65.8876
4.879616976,0.0009,,65.8921
4.892022848,0.0054,,65.8876
4.904150009,0.007,,65.886
4.916665792,0.0169,,65.8761
4.928722858,0.0209,,65.8721
4.941024065,0.0074,,65.8856
4.953389883,0.0135,,65.8795
4.965700865,0.0035,,65.8895
4.981920004,0.002,,65.891
4.994166851,0.0101,,65.8829
5.006440878,0.0097,,65.8833
5.018808842,0.0111,,65.8819
5.031078815,0.0112,,65.8818
5.043529034,0.0004,,65.8926
5.055622816,0.0032,,65.8898
5.067936897,0.0114,,65.8816
5.080304861,0.0063,,65.8867
5.092600822,0.011,,65.882
5.104794979,0.0394,,65.8536
5.117188931,0.0338,,65.8592
5.129485846,0.017,,65.876
5.141731739,0.004,,65.889
5.154086828,0.0131,,65.8799
5.166287899,0.0187,,65.8743
5.178737879,0.0269,,65.8661
5.190956831,0.0218,,65.8712
5.203247786,0.0001,,65.8929
5.215906858,0.0113,,65.8817
5.228008032,0.0165,,65.8765
5.240159035,0.0273,,65.8657
5.256280899,0.0132,,65.8798
5.268743992,0.0045,,65.8885
5.280991077,0.0075,,65.8855
5.29318881,0.0116,,65.8814
5.305560827,0.0173,,65.8757
5.317955732,0.0212,,65.8718
5.330061913,0.0081,,65.8849
5.342386007,0.02,,65.873
5.354672909,0.017,,65.876
5.36693573,0.0082,,65.8848
5.379310846,0.0002,,65.8928
5.391537905,0.0264,,65.8666
5.403936863,0.0046,,65.8884
5.416264057,0.0316,,65.8614
5.42869997,0.0148,,65.8782
5.440760851,0.0025,,65.8905
5.452991009,0.0245,,65.8685
5.465421915,0.0038,,65.8892
5.477598906,0.0152,,65.8778
5.489856958,0.0202,,65.8728
5.502128839,0.0016,,65.8914
5.514818907,0.0078,,65.8852
5.530762911,0.0018,,65.8912
5.543002844,0.002,,65.891
5.555294037,0.0201,,65.8729
5.567640781,0.0143,,65.8787
5.579932928,0.001,,65.892
5.592194796,0.0033,,65.8897
5.604451895,0.0053,,65.8877
5.61689496,0.0156,,65.8774
5.629086018,0.0062,,65.8868
5.641341925,0.0032,,65.8898
5.653620005,0.0162,,65.8768
5.666079044,0.0057,,65.8873
5.678955078,0.0057,,65.8873
5.690518856,0.0242,,65.8688
5.702898026,0.02,,65.873
5.715649843,0.0097,,65.8833
5.727495909,0.0082,,65.8848
5.73979497,0.0042,,65.8888
5.752075672,0.024,,65.869
5.764456034,0.0129,,65.8801
5.776636839,0.0057,,65.8873
5.788927078,0.0065,,65.8865
5.80509901,0.0073,,65.8857
5.817477942,0.0092,,65.8838
5.829916954,0.0267,,65.8663
5.842023849,0.0205,,65.8725
5.854377985,0.0003,,65.8927
5.866629839,0.0035,,65.8895
5.878966808,0.0055,,65.8875
5.891336918,0.0015,,65.8915
5.90353179,0.0038,,65.8892
5.916148901,0.02,,65.873
5.928096771,0.0088,,65.8842
5.94053793,0.0126,,65.8804
5.95275712,0.0047,,65.8883
5.965085983,0.0016,,65.8914
5.97733593,0.0192,,65.8738
5.989614964,0.0141,,65.8789
6.002404928,0.0023,,65.8907
6.014438868,0.0081,,65.8849
6.027029991,0.0042,,65.8888
6.038733721,0.0073,,65.8857
6.051245928,0.0108,,65.8822
6.067448854,0.0005,,65.8925
6.079748869,0.007,,65.886
6.091862679,0.0127,,65.8803
6.104150057,0.0091,,65.8839
6.116491079,0.0073,,65.8857
6.128740788,0.0051,,65.8879
6.141011953,0.0103,,65.8827
6.153405905,0.014,,65.879
6.165647984,0.0142,,65.8788
6.177994967,0.005,,65.888
6.190213919,0.01,,65.883
6.202527046,0.0032,,65.8898
6.21495676,0.0209,,65.8721
6.227149725,0.0104,,65.8826
6.239472866,0.002,,65.891
6.251709938,0.0023,,65.8907
6.26423192,0.0242,,65.8688
6.276342869,0.0278,,65.8652
6.288660049,0.0119,,65.8811
6.301141977,0.0081,,65.8849
6.313312054,0.0197,,65.8733
6.32555604,0.0075,,65.8855
6.341674089,0.0205,,65.8725
6.353974819,0.0131,,65.8799
6.366268873,0.0264,,65.8666
6.37910676,0.0064,,65.8866
6.390914917,0.0037,,65.8893
6.403420925,0.0137,,65.8793
6.415542841,0.033,,65.86
6.427896738,0.0133,,65.8797
6.440063,0.0051,,65.8879
6.452802896,0.0019,,65.8911
6.464623928,0.0245,,65.8685
6.47711587,0.014,,65.879
6.489295959,0.0112,,65.8818
6.501565933,0.039,,65.854
6.513952732,0.0333,,65.8597
6.526762009,0.0235,,65.8695
6.538484097,0.0119,,65.8811
6.550758839,0.0034,,65.8896
6.563133001,0.0061,,65.8869
6.575217962,0.0104,,65.8826
6.587757826,0.0207,,65.8723
6.599987984,0.0207,,65.8723
6.616139889,0.0151,,65.8779
6.628381968,0.003,,65.89
6.640712976,0.0058,,65.8872
6.652995825,0.0025,,65.8905
6.665395021,0.0076,,65.8854
6.677577972,0.0147,,65.8783
6.690337896,0.0012,,65.8918
6.702251673,0.0125,,65.8805
6.714486122,0.0006,,65.8924
6.726852894,0.0248,,65.8682
6.739095926,0.0239,,65.8691
6.751502752,0.0099,,65.8831
6.763786077,0.0004,,65.8926
6.775957108,0.0015,,65.8915
6.788334846,0.006,,65.887
6.800666809,0.0037,,65.8893
6.8128438,0.0109,,65.8821
6.82505393,0.0061,,65.8869
6.838006735,0.0031,,65.8899
6.84965682,0.0221,,65.8709
6.862148762,0.0152,,65.8778
6.874228001,0.0202,,65.8728
6.890519857,0.0271,,65.8659
6.903030872,0.0054,,65.8876
6.915168762,0.0019,,65.8911
6.927425146,0.0117,,65.8813
6.939705849,0.0367,,65.8563
6.952626944,0.0434,,65.8496
6.964309931,0.0405,,65.8525
6.976805925,0.0265,,65.8665
6.988991022,0.0036,,65.8894
7.001208782,0.0038,,65.8892
7.013432741,0.0014,,65.8916
7.025762796,0.0135,,65.8795
7.038105965,0.0248,,65.8682
7.050385952,0.0149,,65.8781
7.062788963,0.0095,,65.8835
7.074977875,0.0065,,65.8865
7.087267876,0.0172,,65.8758
7.099464893,0.0212,,65.8718
7.111854792,0.004,,65.889
7.124213934,0.0105,,65.8825
7.136515856,0.0166,,65.8764
7.148693085,0.002,,65.891
7.164903879,0.0003,,65.8927
7.177271843,0.0336,,65.8594
7.189538717,0.0241,,65.8689
7.20198679,0.0046,,65.8884
7.214164972,0.0066,,65.8864
7.226437807,0.014,,65.879
7.238857985,0.0189,,65.8741
7.251076937,0.0158,,65.8772
7.263267756,0.0089,,65.8841
7.27565074,0.0143,,65.8787
7.287988901,0.0081,,65.8849
7.300190926,0.0047,,65.8883
7.312534094,0.0077,,65.8853
7.324821949,0.0178,,65.8752
7.337435007,0.011,,65.882
7.349383831,0.0006,,65.8924
7.361748934,0.0239,,65.8691
7.374008894,0.0181,,65.8749
7.386338711,0.0045,,65.8885
7.398487806,0.0139,,65.8791
7.411113024,0.0151,,65.8779
7.423361778,0.0147,,65.8783
7.439344883,0.0294,,65.8636
7.451786995,0.0072,,65.8858
7.464034796,0.0122,,65.8808
7.476407766,0.0018,,65.8912
7.488553047,0.0027,,65.8903
7.500895977,0.0225,,65.8705
7.513110876,0.016,,65.877
7.525429964,0.014,,65.879
7.537795782,0.0085,,65.8845
7.55011797,0.0021,,65.8909
7.562347889,0.0148,,65.8782
7.574718952,0.0171,,65.8759
7.587883711,0.0127,,65.8803
7.599192858,0.0045,,65.8885
7.611792803,0.0013,,65.8917
7.623827934,0.0198,,65.8732
7.636512756,0.0175,,65.8755
7.648345947,0.0022,,65.8908
7.660697937,0.0074,,65.8856
7.673304796,0.0127,,65.8803
7.685542822,0.0075,,65.8855
7.697557926,0.0038,,65.8892
7.713736057,0.0399,,65.8531
7.726069927,0.0462,,65.8468
7.738374949,0.0098,,65.8832
7.750716925,0.001,,65.892
7.763009071,0.0127,,65.8803
7.775255919,0.0182,,65.8748
7.787612915,0.0078,,65.8852
7.799894094,0.0203,,65.8727
7.812148094,0.0124,,65.8806
7.824480772,0.0139,,65.8791
7.836797953,0.024,,65.869
7.849061966,0.0231,,65.8699
7.861419678,0.0109,,65.8821
7.87378788,0.0284,,65.8646
7.888534784,0.0085,,65.8845
7.898146868,0.0056,,65.8874
7.910520792,0.0036,,65.8894
7.922823906,0.0047,,65.8883
7.935248852,0.0125,,65.8805
7.947330713,0.0007,,65.8923
7.960180044,0.0342,,65.8588
7.972026825,0.0309,,65.8621
7.988263845,0.0288,,65.8642
8.000447989,0.0048,,65.8882
8.012824774,0.011,,65.882
8.025100708,0.0368,,65.8562
8.037457943,0.0365,,65.8565
8.049658775,0.0175,,65.8755
8.062289953,0.0052,,65.8878
8.074506998,0.0015,,65.8915
8.087179899,0.0193,,65.8737
8.098869085,0.0175,,65.8755
8.111269951,0.006,,65.887
8.123510122,0.0064,,65.8866
8.135772943,0.0114,,65.8816
8.14811182,0.0025,,65.8905
8.160549879,0.0003,,65.8927
8.173024893,0.0065,,65.8865
8.185035706,0.011,,65.882
8.197375059,0.019,,65.874
8.20950985,0.0211,,65.8719
8.221877098,0.0087,,65.8843
8.234244823,0.0041,,65.8889
8.246348858,0.0025,,65.8905
8.262598991,0.0393,,65.8537
8.274965048,0.0177,,65.8753
8.287244797,0.0015,,65.8915
8.299495935,0.0232,,65.8698
8.311919928,0.0224,,65.8706
8.324085951,0.0005,,65.8925
8.337203979,0.012,,65.881
8.348649979,0.0083,,65.8847
8.361075878,0.004,,65.889
8.373445988,0.0014,,65.8916
8.38572073,0.0098,,65.8832
8.397911787,0.0037,,65.8893
8.410251856,0.0094,,65.8836
8.422543764,0.0148,,65.8782
8.434809923,0.0062,,65.8868
8.447036028,0.0197,,65.8733
8.460140705,0.0177,,65.8753
8.471841812,0.0023,,65.8907
8.484230995,0.0015,,65.8915
8.496205807,0.0256,,65.8674
8.508691072,0.0196,,65.8734
8.520870924,0.0039,,65.8891
8.537055969,0.0098,,65.8832
8.54930687,0.0215,,65.8715
8.561593771,0.0188,,65.8742
8.573944807,0.0269,,65.8661
8.586615801,0.015,,65.878
8.598465919,0.0034,,65.8896
8.610821962,0.0159,,65.8771
8.623470783,0.0132,,65.8798
8.635457754,0.0104,,65.8826
8.647702694,0.001,,65.892
8.660068989,0.0188,,65.8742
8.672344923,0.0024,,65.8906
8.684760809,0.0023,,65.8907
8.696915865,0.0113,,65.8817
8.709196806,0.0143,,65.8787
8.721504688,0.0261,,65.8669
8.733699799,0.0154,,65.8776
8.746037006,0.0157,,65.8773
8.758564949,0.0025,,65.8905
8.77064991,0.0086,,65.8844
8.783041,0.007,,65.886
8.795253992,0.0008,,65.8922
8.811420918,0.0199,,65.8731
8.824045897,0.0023,,65.8907
8.836483955,0.0081,,65.8849
8.848299742,0.0372,,65.8558
8.861104965,0.0174,,65.8756
8.873720884,0.0045,,65.8885
8.885256052,0.0145,,65.8785
8.897531986,0.0171,,65.8759
8.909873962,0.0183,,65.8747
8.922134876,0.03,,65.863
8.934685946,0.0396,,65.8534
8.946683884,0.0283,,65.8647
8.958984852,0.026,,65.867
8.97141099,0.0321,,65.8609
8.983637094,0.0072,,65.8858
8.995969772,0.0001,,65.8929
9.008162737,0.0065,,65.8865
9.022015095,0.0048,,65.8882
9.032868862,0.0147,,65.8783
9.04541707,0.0056,,65.8874
9.057405949,0.0071,,65.8859
9.070498943,0.015,,65.878
9.085875034,0.0041,,65.8889
9.098156929,0.0167,,65.8763
9.110537052,0.0045,,65.8885
9.12323904,0.0281,,65.8649
9.135095835,0.0181,,65.8749
9.147386789,0.0149,,65.8781
9.159678936,0.0044,,65.8886
9.17202282,0.0063,,65.8867
9.184207916,0.0065,,65.8865
9.196616888,0.0061,,65.8869
9.208845854,0.0288,,65.8642
9.221409798,0.0281,,65.8649
9.233525991,0.012,,65.881
9.245793819,0.008,,65.885
9.258090973,0.0055,,65.8875
9.270966768,0.0027,,65.8903
9.282596827,0.0009,,65.8921
9.295007944,0.0107,,65.8823
9.307265043,0.0016,,65.8914
9.319865942,0.0118,,65.8812
9.331936121,0.0143,,65.8787
9.344174862,0.0073,,65.8857
9.360286951,0.0021,,65.8909
9.372670889,0.0167,,65.8763
9.385000944,0.0019,,65.8911
9.397130013,0.0208,,65.8722
9.409470081,0.0226,,65.8704
9.421913862,0.0176,,65.8754
9.434129953,0.0105,,65.8825
9.446352959,0.0272,,65.8658
9.458902836,0.0184,,65.8746
9.470946789,0.0082,,65.8848
9.483219862,0.0079,,65.8851
9.495564699,0.0198,,65.8732
9.507823944,0.0189,,65.8741
9.520859957,0.0058,,65.8872
9.53252387,0.0003,,65.8927
9.544770718,0.0015,,65.8915
9.556994915,0.0005,,65.8925
9.569586039,0.0066,,65.8864
9.581635952,0.0067,,65.8863
9.594028711,0.0182,,65.8748
9.606257915,0.0102,,65.8828
9.618667126,0.0207,,65.8723
9.634710073,0.0189,,65.8741
9.647007942,0.012,,65.881
9.659277916,0.0075,,65.8855
9.671589851,0.0051,,65.8879
9.684030056,0.0209,,65.8721
9.696484804,0.0117,,65.8813
9.708450794,0.0211,,65.8719
9.720814943,0.0363,,65.8567
9.73307395,0.0184,,65.8746
9.745494843,0.025,,65.868
9.757818937,0.019,,65.874
9.770786762,0.0074,,65.8856
9.782377005,0.0088,,65.8842
9.794591904,0.0167,,65.8763
9.80687499,0.021,,65.872
9.819197893,0.0105,,65.8825
9.831456661,0.0253,,65.8677
9.844225883,0.0202,,65.8728
9.85609293,0.0122,,65.8808
9.868510008,0.0162,,65.8768
9.881067753,0.0353,,65.8577
9.89307189,0.0408,,65.8522
9.909093857,0.0154,,65.8776
9.921452761,0.6134,,65.2796
9.933688879,3.595,,62.298
9.946248055,7.0907,,58.8023
9.958415985,11.2235,,54.6695
9.970723867,15.8306,,50.0624
9.982889891,19.61,,46.283
9.995291948,22.1319,,43.7611
10.00764179,24.2669,,41.6261
10.01996899,26.7166,,39.1764
10.03228283,29.7877,,36.1053
10.04851389,33.4494,,32.4436
10.06080794,37.3742,,28.5188
10.0730319,40.9985,,24.8945
10.08538198,44.1622,,21.7308
10.09762192,46.7235,,19.1695
10.10996795,50.2732,,15.6198
10.12218404,51.6752,,14.2178
10.13467503,53.0386,,12.8544
10.14680982,54.5107,,11.3823
10.16304588,56.1037,,9.7893
10.17533803,57.707,,8.186
10.18771005,59.1665,,6.7265
10.19995403,60.4759,,5.4171
10.21264696,61.5,,4.393
10.22470784,62.2495,,3.6435
10.23775482,62.6538,,3.2392
10.24935675,62.7312,,3.1618
10.26172709,62.6835,,3.2095
10.27400994,62.5795,,3.3135
10.29007292,61.852,,4.041
10.30233884,61.1561,,4.7369
10.31489372,60.2753,,5.6177
10.32709289,59.257,,6.636
10.33962774,58.305,,7.588
10.35165191,57.5414,,8.3516
10.36394095,56.9132,,8.9798
10.37621093,56.4327,,9.4603
10.38842297,56.2413,,9.6517
10.40473986,56.2489,,9.6441
10.41711998,56.5507,,9.3423
10.42934775,57.2402,,8.6528
10.44195104,58.1117,,7.7813
10.45452595,59.5976,,6.2954
10.4663198,60.0806,,5.8124
10.47852898,60.2918,,5.6012
10.49090576,60.1564,,5.7366
10.50333595,59.5815,,6.3115
10.52003884,58.8271,,7.0659
10.53182602,58.3908,,7.5022
10.54406309,58.0642,,7.8288
10.5563848,58.3623,,7.5307
10.56903577,59.444,,6.449
10.58093905,60.9586,,4.9344
10.59331203,62.5891,,3.3039
10.60560393,64.4514,,1.4416
10.61781693,67.8007,,-1.9077
10.63404989,68.4613,,-2.5683
10.64640284,68.4084,,-2.5154
10.65876675,67.8881,,-1.9951
10.67143512,67.0579,,-1.1649
10.68332386,65.9114,,-0.0184
10.69601679,64.6255,,1.2675
10.70798802,63.6222,,2.2708
10.72026777,63.1284,,2.7646
10.73263073,63.0773,,2.8157
10.74873185,63.2995,,2.5935
10.76107383,63.6781,,2.2149
10.77350187,64.1069,,1.7861
10.78573585,64.4326,,1.4604
10.79798293,64.5486,,1.3444
10.81031513,64.477,,1.416
10.82257009,64.3055,,1.5875
10.83504486,64.0684,,1.8246
10.84727502,63.7944,,2.0986
10.86349297,63.4926,,2.4004
10.87575388,63.3395,,2.5535
10.88832903,63.2822,,2.6108
10.90042186,63.291,,2.602
10.9130199,63.351,,2.542
10.92496991,63.5642,,2.3288
10.93746209,63.8564,,2.0366
10.94953489,64.0333,,1.8597
10.96208906,64.0138,,1.8792
10.97426009,63.8573,,2.0357
10.99045777,63.6674,,2.2256
11.0027647,63.5032,,2.3898
11.01509309,63.3199,,2.5731
11.02739787,63.1375,,2.7555
11.03976774,63.0243,,2.8687
11.05199075,63.0356,,2.8574
11.06427813,63.1206,,2.7724
11.07665801,63.1738,,2.7192
11.08931684,63.161,,2.732
11.10512185,63.0534,,2.8396
11.11749887,62.8757,,3.0173
11.12976694,62.6922,,3.2008
11.1421299,62.3872,,3.5058
11.15531182,62.2621,,3.6309
11.16745782,62.133,,3.76
11.17899704,62.022,,3.871
11.19129872,62.0982,,3.7948
11.20367908,62.2248,,3.6682
11.21980691,62.3686,,3.5244
11.23207879,62.4998,,3.3932
11.24453187,62.6063,,3.2867
11.25670981,62.7367,,3.1563
11.26904202,62.9635,,2.9295
11.2816,63.1897,,2.7033
11.29435802,63.3149,,2.5781
11.30596781,62.8519,,3.0411
11.3181777,62.5959,,3.2971
11.33467388,62.6036,,3.2894
11.34685588,62.8661,,3.0269
11.35916185,63.3858,,2.5072
11.37199497,63.9598,,1.9332
11.38363695,64.4498,,1.4432
11.39612389,64.8844,,1.0086
11.40835786,65.2606,,0.6324
11.42094493,65.7677,,0.1253
11.43312788,66.4595,,-0.5665
11.44914103,67.2776,,-1.3846
11.46145988,68.0665,,-2.1735
11.47385883,68.6127,,-2.7197
11.48607898,68.5005,,-2.6075
11.49868798,67.9337,,-2.0407
11.51072001,67.2393,,-1.3463
11.5230391,66.5418,,-0.6488
11.53542686,65.9967,,-0.1037
11.5477078,65.6535,,0.2395
11.56382084,65.5712,,0.3218
11.57614493,65.6592,,0.2338
11.58883882,65.739,,0.154
11.60076594,65.7282,,0.1648
11.61339688,65.6061,,0.2869
11.62534404,65.4277,,0.4653
11.63770199,65.2139,,0.6791
11.65002489,64.8071,,1.0859
11.66231894,64.6771,,1.2159
11.67465782,64.6354,,1.2576
11.69158983,64.569,,1.324
11.70315814,64.4468,,1.4462
11.71548295,64.1597,,1.7333
11.72827792,63.7509,,2.1421
11.74018097,63.2928,,2.6002
11.75633478,62.8484,,3.0446
11.76897907,62.5242,,3.3688
11.78113484,62.404,,3.489
11.7933588,63.1051,,2.7879
11.80631089,63.5784,,2.3146
11.8181231,63.9499,,1.9431
11.83417082,64.3287,,1.5643
11.84648776,64.6613,,1.2317
11.85900688,64.8649,,1.0281
11.87191582,64.9455,,0.9475
11.88342571,65.0061,,0.8869
11.89575577,65.0756,,0.8174
11.91197705,65.2867,,0.6063
11.92435575,65.6079,,0.2851
11.93675804,66.1211,,-0.2281
11.94896078,66.1566,,-0.2636
11.96132684,66.0419,,-0.1489
11.97508192,65.8127,,0.0803
11.98979282,65.5849,,0.3081
12.0021987,65.4645,,0.4285
12.0144968,65.3935,,0.4995
12.02693796,65.407,,0.486
12.03920293,65.565,,0.328
12.05131078,65.7419,,0.1511
12.06770992,65.8312,,0.0618
12.07994199,65.811,,0.082
12.09235001,65.7366,,0.1564
12.10462189,65.5566,,0.3364
12.11747789,65.299,,0.594
12.1331327,65.1482,,0.7448
12.14548993,65.1675,,0.7255
12.15783787,65.2904,,0.6026
12.17027593,65.4179,,0.4751
12.18243384,65.5781,,0.3149
12.19474792,65.7224,,0.1706
12.21102071,65.6454,,0.2476
12.22335005,65.475,,0.418
12.23587894,65.2823,,0.6107
12.24798179,65.1538,,0.7392
12.26045704,65.0874,,0.8056
12.27260494,64.9843,,0.9087
12.28965688,64.8477,,1.0453
12.30122876,64.6482,,1.2448
12.31378484,64.4097,,1.4833
12.32585669,64.29,,1.603
12.33893085,64.3953,,1.4977
12.3503058,64.4954,,1.3976
12.36659098,64.3786,,1.5144
12.37897778,64.2578,,1.6352
12.39129996,64.3286,,1.5644
12.40372682,64.7209,,1.1721
12.4160049,65.4779,,0.4151
12.42832804,66.4089,,-0.5159
12.44477606,67.146,,-1.253
12.45684791,67.5556,,-1.6626
12.46915698,67.7915,,-1.8985
12.48136187,67.7424,,-1.8494
12.493927,67.5545,,-1.6615
12.51000977,67.3437,,-1.4507
12.52252483,67.1767,,-1.2837
12.53470397,67.0952,,-1.2022
12.5469749,67.0755,,-1.1825
12.55923986,67.0038,,-1.1108
12.57221889,66.8066,,-0.9136
12.58836889,66.6901,,-0.7971
12.60013175,66.8351,,-0.9421
12.61243296,67.5035,,-1.6105
12.62481785,67.5243,,-1.6313
12.63709378,67.219,,-1.326
12.64939499,66.646,,-0.753
12.66607594,66.1073,,-0.2143
12.67794585,65.9084,,-0.0154
12.69143987,65.931,,-0.038
12.70274687,66.015,,-0.122
12.71496677,65.9642,,-0.0712
12.72721696,65.7094,,0.1836
12.74343395,64.7604,,1.1326
12.75577497,64.4844,,1.4086
12.76809788,64.5,,1.393
12.78067684,64.673,,1.22
12.79265594,64.881,,1.012
12.80578208,65.033,,0.86
12.82128072,65.0685,,0.8245
12.83429003,65.0225,,0.8705
12.84590173,65.0856,,0.8074
12.85822487,65.3181,,0.5749
12.87113976,65.8493,,0.0437
12.88959193,66.0342,,-0.1412
12.89919686,66.1375,,-0.2445
12.91141582,66.1965,,-0.3035
12.92418003,66.2161,,-0.3231
12.93606687,66.244,,-0.351
12.94831395,66.3525,,-0.4595
12.96456981,66.4459,,-0.5529
12.97722697,66.4482,,-0.5552
12.98945904,66.4184,,-0.5254
13.00156975,66.3636,,-0.4706
13.01388288,66.3474,,-0.4544
13.0262711,66.4363,,-0.5433
13.04498482,66.5264,,-0.6334
13.05600691,66.5294,,-0.6364
13.06798387,66.4188,,-0.5258
13.07941675,66.2644,,-0.3714
13.09174466,66.1488,,-0.2558
13.10402584,66.1056,,-0.2126
13.12025094,66.1002,,-0.2072
13.13308597,66.0653,,-0.1723
13.14490986,66.1281,,-0.2351
13.15732002,66.1477,,-0.2547
13.16966796,66.2161,,-0.3231
13.18176103,66.3471,,-0.4541
13.19808578,66.4604,,-0.5674
13.21039009,66.3419,,-0.4489
13.22276306,66.0727,,-0.1797
13.23499298,65.8749,,0.0181
13.24733496,65.8384,,0.0546
13.26360393,65.9496,,-0.0566
13.27592874,66.1322,,-0.2392
13.28823185,66.3427,,-0.4497
13.30056691,66.3573,,-0.4643
13.31288505,66.3029,,-0.4099
13.32518291,66.2417,,-0.3487
13.34139991,66.2559,,-0.3629
13.3537879,66.415,,-0.522
13.36604977,66.6659,,-0.7729
13.37832975,66.9173,,-1.0243
13.39068198,67.099,,-1.206
13.40304995,67.2237,,-1.3307
13.41953182,67.3959,,-1.5029
13.4320488,67.4255,,-1.5325
13.44387388,67.4221,,-1.5291
13.45626092,67.457,,-1.564
13.46853781,67.5907,,-1.6977
13.48086095,67.8696,,-1.9766
13.49707699,68.2636,,-2.3706
13.509377,68.6826,,-2.7896
13.52174497,69.0188,,-3.1258
13.53403807,69.1872,,-3.2942
13.54633689,68.8542,,-2.9612
13.55886698,68.4316,,-2.5386
13.57535291,67.9645,,-2.0715
13.58804107,67.5215,,-1.6285
13.59955096,67.1498,,-1.2568
13.61188483,66.8766,,-0.9836
13.62621379,66.7197,,-0.8267
13.64039874,66.6603,,-0.7673
13.65274978,66.6272,,-0.7342
13.66500592,66.4885,,-0.5955
13.67732787,66.2495,,-0.3565
13.68989706,65.6628,,0.2302
13.70192003,65.5762,,0.3168
13.71819401,65.5907,,0.3023
13.73053193,65.628,,0.265
13.74281287,65.5605,,0.3325
13.75521278,65.2839,,0.6091
13.76760101,64.8538,,1.0392
13.77986383,64.36,,1.533
13.79604888,63.9354,,1.9576
13.80834484,63.6272,,2.2658
13.82070684,63.3276,,2.5654
13.83302307,63.3092,,2.5838
13.84536195,63.3237,,2.5693
13.85766196,63.2999,,2.5931
13.8754189,63.316,,2.577
13.88672996,63.5013,,2.3917
13.89849877,63.7462,,2.1468
13.91083097,63.9865,,1.9065
13.92379284,64.2502,,1.6428
13.93549895,64.4964,,1.3966
13.95169497,64.6805,,1.2125
13.96399593,64.7119,,1.1811
13.97633576,64.3897,,1.5033
13.989712,63.801,,2.092
14.00102782,63.0363,,2.8567
14.01719308,62.2199,,3.6731
14.02950788,61.477,,4.416
14.0418818,60.9049,,4.9881
14.05448198,60.4757,,5.4173
14.06722283,60.2171,,5.6759
14.07869601,60.0936,,5.7994
14.09501076,60.0328,,5.8602
14.10739207,59.9019,,5.9911
14.11967492,59.6582,,6.2348
14.13197803,59.3884,,6.5046
14.14431286,59.188,,6.705
14.15676975,58.97,,6.923
14.17286515,58.7233,,7.1697
14.1852088,58.4082,,7.4848
14.1975708,58.0383,,7.8547
14.20978475,57.7264,,8.1666
14.22215104,57.5638,,8.3292
14.23436284,57.6962,,8.1968
14.250664,57.9085,,7.9845
14.26299095,58.111,,7.782
14.27547812,58.2732,,7.6198
14.28769112,58.3486,,7.5444
14.29988575,58.3328,,7.5602
14.31237411,58.1955,,7.6975
14.32867193,57.9481,,7.9449
14.34099293,57.6085,,8.2845
14.35315299,57.223,,8.67
14.36565685,56.6119,,9.2811
14.37804389,56.4772,,9.4158
14.39470601,56.4631,,9.4299
14.40638804,56.5113,,9.3817
14.41876698,56.5774,,9.3156
14.43118501,56.6281,,9.2649
14.44328189,56.6034,,9.2896
14.45566702,56.4519,,9.4411
14.47679687,56.2023,,9.6907
14.48477697,55.9407,,9.9523
14.49644971,55.4195,,10.4735
14.50882792,55.1838,,10.7092
14.52110696,54.9371,,10.9559
14.53344178,54.7514,,11.1416
14.54975176,54.6767,,11.2163
14.56200886,54.7218,,11.1712
14.5743618,54.8405,,11.0525
14.58667994,54.9863,,10.9067
14.59897399,55.137,,10.756
14.611408,55.1756,,10.7174
14.62750292,55.0608,,10.8322
14.64183497,54.5184,,11.3746
14.65214491,54.1651,,11.7279
14.66441202,53.731,,12.162
14.67774487,53.2953,,12.5977
14.6891191,52.9658,,12.9272
14.70536184,52.6795,,13.2135
14.71816683,52.3809,,13.5121
14.72998881,52.1037,,13.7893
14.74279785,51.9224,,13.9706
14.75496507,51.8283,,14.0647
14.77088094,51.6716,,14.2214
14.78322697,51.6332,,14.2598
14.7955339,51.6425,,14.2505
14.80777502,51.6866,,14.2064
14.8204999,51.7373,,14.1557
14.83248377,51.8546,,14.0384
14.84863377,51.9309,,13.9621
14.86099195,51.9302,,13.9628
14.87350893,51.8538,,14.0392
14.8856709,51.766,,14.127
14.89802599,51.6916,,14.2014
14.9103477,51.4276,,14.4654
14.92649984,51.2585,,14.6345
14.93888497,51.0792,,14.8138
14.95111513,50.8942,,14.9988
14.96347284,50.6779,,15.2151
14.97635794,50.4489,,15.4441
14.98826385,50.319,,15.574
15.00433373,50.2723,,15.6207
15.01663804,50.2624,,15.6306
15.02918506,50.3252,,15.5678
15.04134774,50.296,,15.597
15.0536449,50.1575,,15.7355
15.0660758,50.005,,15.888
15.08345294,49.8781,,16.0149
15.09449673,49.7901,,16.1029
15.10711575,49.6994,,16.1936
15.11973405,49.6676,,16.2254
15.13154483,49.6345,,16.2585
15.14766073,49.6243,,16.2687
15.16000175,49.6335,,16.2595
15.17233801,49.6495,,16.2435
15.18468785,49.6549,,16.2381
15.19691873,49.6384,,16.2546
15.20925593,49.6473,,16.2457
15.22546697,49.6121,,16.2809
15.23779488,49.564,,16.329
15.25016093,49.6003,,16.2927
15.26243687,49.6588,,16.2342
15.274966,49.6265,,16.2665
15.28719378,49.5535,,16.3395
15.30328608,49.4446,,16.4484
15.31565189,49.2245,,16.6685
15.32818699,49.0989,,16.7941
15.34088612,48.9384,,16.9546
15.3525579,48.7446,,17.1484
15.36502099,48.5204,,17.3726
15.38126707,48.2596,,17.6334
15.3934989,48.0493,,17.8437
15.40590692,47.868,,18.025
15.41807389,47.658,,18.235
15.43040109,47.5131,,18.3799
15.44282603,47.3431,,18.5499
15.45898294,47.4002,,18.4928
15.47141576,47.5149,,18.3781
15.48386383,47.6263,,18.2667
15.49591088,47.6914,,18.2016
15.50828075,47.6437,,18.2493
15.52451491,47.5183,,18.3747
15.53680277,47.359,,18.534
15.54918194,47.1357,,18.7573
15.56137872,46.9207,,18.9723
15.57440186,46.743,,19.15
15.58608484,46.51,,19.383
15.60225105,46.497,,19.396
15.61459589,46.5544,,19.3386
15.62699485,46.6609,,19.2321
15.63955998,46.7451,,19.1479
15.65154004,46.7816,,19.1114
15.66392684,46.7901,,19.1029
15.68013072,46.7423,,19.1507
15.69249105,46.6207,,19.2723
15.70505667,46.5177,,19.3753
15.71713686,46.4661,,19.4269
15.72943282,46.441,,19.452
15.74176288,46.3659,,19.5271
15.75794482,46.2001,,19.6929
15.77035403,46.0763,,19.8167
15.78258109,45.994,,19.899
15.79541302,45.8875,,20.0055
15.80763984,45.7621,,20.1309
15.81962776,45.6419,,20.2511
15.83575082,45.4889,,20.4041
15.84809399,45.136,,20.757
15.86064386,45.0351,,20.8579
15.87314796,44.9681,,20.9249
15.88509583,44.895,,20.998
15.90125799,44.786,,21.107
15.91546392,44.6281,,21.2649
15.92615104,44.4444,,21.4486
15.93832088,44.2895,,21.6035
15.95053697,44.137,,21.756
15.96303296,44.0255,,21.8675
15.97908902,43.9636,,21.9294
15.99153996,43.9817,,21.9113
16.00379395,44.0687,,21.8243
16.0164299,44.1746,,21.7184
16.02895904,44.2119,,21.6811
16.04092193,44.2115,,21.6815
16.05757689,44.1372,,21.7558
16.06931472,43.9924,,21.9006
16.08227491,43.887,,22.006
16.09387708,43.8096,,22.0834
16.10913682,43.7886,,22.1044
16.11940789,43.7431,,22.1499
16.13495088,43.6753,,22.2177
16.14734173,43.6138,,22.2792
16.15940189,43.5659,,22.3271
16.17308807,43.5489,,22.3441
16.18405986,43.5035,,22.3895
16.19642091,43.4324,,22.4606
16.21262383,43.3325,,22.5605
16.22519779,43.1356,,22.7574
16.23727274,42.8951,,22.9979
16.24964094,42.6347,,23.2583
16.26247692,42.0557,,23.8373
16.27805686,41.8497,,24.0433
16.29126787,41.7258,,24.1672
16.30272388,41.6471,,24.2459
16.31682372,41.5984,,24.2946
16.32767296,41.642,,24.251
16.33984113,41.7763,,24.1167
16.35595083,41.9729,,23.9201
16.36830091,42.138,,23.755
16.38063288,42.1862,,23.7068
16.39302397,42.0849,,23.8081
16.40705991,41.87,,24.023
16.41759276,41.5648,,24.3282
16.43378592,41.2743,,24.6187
16.44621277,41.0795,,24.8135
16.45852971,41.0145,,24.8785
16.4707129,41.037,,24.856
16.48315382,41.1082,,24.7848
16.4957459,41.1378,,24.7552
16.51156902,41.1389,,24.7541
16.5249548,41.415,,24.478
16.53699684,41.7326,,24.1604
16.54863691,42.0484,,23.8446
16.56079006,42.2725,,23.6205
16.57319498,42.4027,,23.4903
16.58959079,42.4829,,23.4101
16.60171795,42.5879,,23.3051
16.61442685,42.7804,,23.1126
16.62649989,43.0018,,22.8912
16.63873291,43.2293,,22.6637
16.65492988,43.4307,,22.4623
16.6672368,43.855,,22.038
16.67956471,44.1928,,21.7002
16.69195604,44.6509,,21.2421
16.70420194,45.0928,,20.8002
16.71640611,45.493,,20.4
16.73272204,45.8779,,20.0151
16.74501085,46.2211,,19.6719
16.75814891,46.6207,,19.2723
16.76962996,47.156,,18.737
16.782058,47.7609,,18.1321
16.79444695,48.7601,,17.1329
16.81057787,49.1142,,16.7788
16.82304907,49.381,,16.512
16.83517694,49.494,,16.399
16.84753489,49.4602,,16.4328
16.85989881,49.4397,,16.4533
16.87238693,49.4271,,16.4659
16.88869691,49.4405,,16.4525
16.90072775,49.4461,,16.4469
16.91308594,49.4347,,16.4583
16.92546272,49.4188,,16.4742
16.93779087,49.2746,,16.6184
16.95009279,49.1141,,16.7789
16.96646404,48.9785,,16.9145
16.9784739,48.9699,,16.9231
16.99131179,49.047,,16.846
17.00318694,49.1424,,16.7506
17.01557779,49.2072,,16.6858
17.03172207,49.2682,,16.6248
17.04404306,49.4021,,16.4909
17.05645895,49.5085,,16.3845
17.06873608,49.7869,,16.1061
17.08105493,49.9927,,15.9003
17.09346581,50.1502,,15.7428
17.10958791,50.2382,,15.6548
17.1221447,50.2909,,15.6021
17.13426685,50.3091,,15.5839
17.14656496,50.2903,,15.6027
17.15887785,50.3054,,15.5876
17.17128611,50.399,,15.494
17.18747592,50.4532,,15.4398
17.19970202,50.4894,,15.4036
17.21201897,50.3974,,15.4956
17.22508812,50.216,,15.677
17.23666096,50.0268,,15.8662
17.24902511,49.8848,,16.0082
17.26532984,49.8226,,16.0704
17.27761579,49.769,,16.124
17.29014087,49.7064,,16.1866
17.30248594,49.6906,,16.2024
17.31445003,49.7711,,16.1219
17.32722783,49.8995,,15.9935
17.34306788,50.3838,,15.5092
17.35555792,50.669,,15.224
17.3676939,50.8325,,15.0605
17.3800118,50.8552,,15.0378
17.3923521,50.7658,,15.1272
17.40852308,50.6511,,15.2419
17.42088389,50.5907,,15.3023
17.43349409,50.6389,,15.2541
17.4454689,50.7217,,15.1713
17.45931792,50.7338,,15.1592
17.4711318,50.8217,,15.0713
17.4863739,50.8662,,15.0268
17.49866295,50.9423,,14.9507
17.51111197,51.0755,,14.8175
17.52398181,51.2034,,14.6896
17.53569174,51.3101,,14.5829
17.54797292,51.4038,,14.4892
17.56423187,51.5243,,14.3687
17.57663178,51.6725,,14.2205
17.58923888,51.8415,,14.0515
17.601192,52.058,,13.835
17.613482,52.4922,,13.4008
17.62583399,52.6792,,13.2138
17.64234495,52.8102,,13.0828
17.65432978,52.9025,,12.9905
17.66670585,52.9205,,12.9725
17.67895579,52.915,,12.978
17.69206309,52.9166,,12.9764
17.70372367,52.9303,,12.9627
17.71986794,53.0068,,12.8862
17.73220682,53.184,,12.709
17.74449682,53.6618,,12.2312
17.75728488,53.8605,,12.0325
17.76916099,53.9915,,11.9015
17.78539491,54.0097,,11.8833
17.79781103,53.9542,,11.9388
17.81000781,53.9735,,11.9195
17.82469678,54.0429,,11.8501
17.83465099,54.1333,,11.7597
17.84698606,54.2222,,11.6708
17.86320996,54.266,,11.627
17.87659192,54.298,,11.595
17.8879199,54.2443,,11.6487
17.90086102,54.2315,,11.6615
17.91249394,54.3855,,11.5075
17.92520189,54.6164,,11.2766
17.94109988,54.8789,,11.0141
17.95333695,55.1544,,10.7386
17.96589804,55.3122,,10.5808
17.97803712,55.4201,,10.4729
17.99046493,55.5597,,10.3333
18.00256896,55.6807,,10.2123
18.02097583,55.8681,,10.0249
18.03145385,56.0191,,9.8739
18.04348588,56.1324,,9.7606
18.05580688,56.169,,9.724
18.06824994,56.1607,,9.7323
18.08179903,56.0915,,9.8015
18.09669304,56.0611,,9.8319
18.10966682,56.0949,,9.7981
18.12138081,56.261,,9.632
18.13406086,56.4821,,9.4109
18.14593577,56.8291,,9.0639
18.16215777,56.988,,8.905
18.17481589,57.22,,8.673
18.18679309,57.5197,,8.3733
18.19912291,57.8055,,8.0875
18.21147394,58.0805,,7.8125
18.22382808,58.3331,,7.5599
18.24008298,58.5852,,7.3078
18.25252295,58.7888,,7.1042
18.26469588,58.999,,6.894
18.27690601,59.172,,6.721
18.2892828,59.442,,6.451
18.30156708,59.5038,,6.3892
18.31787992,59.5607,,6.3323
18.33026004,59.659,,6.234
18.34252191,59.7099,,6.1831
18.35477686,59.684,,6.209
18.36822104,59.6645,,6.2285
18.38048792,59.6402,,6.2528
18.39640784,59.593,,6.3
18.40902591,59.6399,,6.2531
18.42031002,60.2317,,5.6613
18.43268991,60.679,,5.214
18.4449749,61.0981,,4.7949
18.45756292,61.3723,,4.5207
18.47349572,61.4875,,4.4055
18.48588991,61.4727,,4.4203
18.49815202,61.4726,,4.4204
18.51115394,61.4942,,4.3988
18.52339983,61.4838,,4.4092
18.53899813,61.4815,,4.4115
18.55134177,61.5985,,4.2945
18.56362081,61.6386,,4.2544
18.57600904,61.6328,,4.2602
18.58821106,61.599,,4.294
18.60059881,61.5209,,4.3721
18.6167798,61.5066,,4.3864
18.62913394,61.6305,,4.2625
18.64168096,61.8246,,4.0684
18.65377188,62.0171,,3.8759
18.66607189,62.2565,,3.6365
18.68033004,62.5632,,3.3298
18.69467592,63.1094,,2.7836
18.7070868,63.3775,,2.5155
18.7201848,63.6112,,2.2818
18.73161507,63.7791,,2.1139
18.7440269,63.803,,2.09
18.75703573,63.6965,,2.1965
18.77274871,63.5524,,2.3406
18.7848258,63.4848,,2.4082
18.79710793,63.5312,,2.3618
18.80942583,63.6347,,2.2583
18.82219386,63.8052,,2.0878
18.83406091,63.92,,1.973
18.85032511,64.0761,,1.8169
18.86255074,64.2543,,1.6387
18.87601995,64.3431,,1.5499
18.88726997,64.3015,,1.5915
18.89959574,64.097,,1.796
18.91799784,63.8589,,2.0341
18.92809606,63.7668,,2.1262
18.9405849,63.838,,2.055
18.95275283,64.0514,,1.8416
18.96509194,64.3877,,1.5053
18.97747588,64.4014,,1.4916
18.994771,64.4402,,1.4528
19.00593686,64.4696,,1.4234
19.01841688,64.4226,,1.4704
19.0306828,64.3698,,1.5232
19.04322004,64.299,,1.594
19.05527687,64.2856,,1.6074
19.07149792,64.3698,,1.5232
19.08422208,64.4564,,1.4366
19.09639573,64.5744,,1.3186
19.10862088,64.6128,,1.2802
19.12075973,64.6567,,1.2363
19.13319778,64.6659,,1.2271
19.15012383,64.6426,,1.2504
19.16156602,64.5968,,1.2962
19.17394209,64.4839,,1.4091
19.18624997,64.3713,,1.5217
19.19844794,64.2996,,1.5934
19.21090269,64.2589,,1.6341
19.22756577,64.1986,,1.6944
19.23986697,64.1824,,1.7106
19.25174785,64.2321,,1.6609
19.26410389,64.3138,,1.5792
19.27695704,64.4038,,1.4892
19.29289889,64.4974,,1.3956
19.30491805,64.5102,,1.3828
19.3171978,64.4898,,1.4032
19.32964897,64.4981,,1.3949
19.34333181,64.5155,,1.3775
19.35453176,64.5541,,1.3389
19.37080503,64.7614,,1.1316
19.38311505,64.9811,,0.9119
19.39524674,65.117,,0.776
19.40749598,65.166,,0.727
19.41979814,65.1624,,0.7306
19.43236589,65.0936,,0.7994
19.44825602,65.0603,,0.8327
19.46062183,65.1286,,0.7644
19.473418,65.2433,,0.6497
19.48521495,65.3311,,0.5619
19.49754691,65.422,,0.471
19.50993109,65.4117,,0.4813
19.52623701,65.4495,,0.4435
19.53842211,65.5479,,0.3451
19.55070901,65.6444,,0.2486
19.56304169,65.5814,,0.3116
19.5761199,65.4073,,0.4857
19.58773685,65.2266,,0.6664
19.60390496,65.1541,,0.7389
19.61644697,65.1918,,0.7012
19.62951088,65.2654,,0.6276
19.64088392,65.2312,,0.6618
19.65327382,65.0705,,0.8225
19.66939282,65.0002,,0.8928
19.68178201,65.0856,,0.8074
19.69406176,65.2062,,0.6868
19.70647502,65.1767,,0.7163
19.71936274,65.0615,,0.8315
19.73092198,64.9297,,0.9633
19.74719191,64.8457,,1.0473
19.75957203,64.814,,1.079
19.77191091,65.3313,,0.5617
19.7842288,65.7368,,0.1562
19.79645586,66.0552,,-0.1622
19.80884099,66.2339,,-0.3409
19.82546592,66.3114,,-0.4184
19.83743906,66.3769,,-0.4839
19.8497591,66.6009,,-0.7079
19.86208487,67.135,,-1.242
19.87466383,67.8999,,-2.0069
19.88658905,68.9326,,-3.0396
19.90292788,71.2855,,-5.3925
19.91517591,71.923,,-6.03
19.92760873,72.3103,,-6.4173
19.94004679,72.5803,,-6.6873
19.95239496,72.6994,,-6.8064
19.96487498,72.743,,-6.85
19.98089981,72.7225,,-6.8295
19.99308896,72.6105,,-6.7175
20.00537992,72.355,,-6.462
20.01787496,72.1069,,-6.2139
20.03037691,71.7261,,-5.8331
20.04628897,70.3994,,-4.5064
20.05903482,69.713,,-3.82
20.07083082,69.1453,,-3.2523
20.08319998,68.7235,,-2.8305
20.09553599,68.5097,,-2.6167
20.10831785,68.5357,,-2.6427
20.12474489,68.7889,,-2.8959
20.1368289,69.1971,,-3.3041
20.14866781,69.8388,,-3.9458
20.16100574,70.6215,,-4.7285
20.17396092,71.262,,-5.369
20.18573093,71.2449,,-5.3519
20.20187497,71.2521,,-5.3591
20.21429491,71.1829,,-5.2899
20.22675109,70.9031,,-5.0101
20.23899889,70.5061,,-4.6131
20.25116301,69.9778,,-4.0848
20.26354384,68.9572,,-3.0642
20.28021574,67.3037,,-1.4107
20.29214787,65.2311,,0.6619
20.30436587,63.1599,,2.7331
20.31672406,59.8245,,6.0685
20.32898903,58.4365,,7.4565
20.34294105,57.2369,,8.6561
20.35778785,56.4905,,9.4025
20.36985493,56.1595,,9.7335
20.38261676,56.0457,,9.8473
20.3945601,56.0502,,9.8428
20.40719485,55.7838,,10.1092
20.42364693,55.1836,,10.7094
20.43536282,54.3412,,11.5518
20.44769001,51.472,,14.421
20.46023297,49.3329,,16.5601
20.47281384,47.0147,,18.8783
20.48463702,44.8872,,21.0058
20.50093913,43.1193,,22.7737
20.5133357,41.7352,,24.1578
20.52552605,40.4806,,25.4124
20.53790998,39.0524,,26.8406
20.55015087,37.3776,,28.5154
20.56368685,35.4159,,30.4771
20.5787158,31.3329,,34.5601
20.59126687,29.4054,,36.4876
20.60327983,27.5817,,38.3113
20.615762,25.933,,39.96
20.62805104,24.939,,40.954
20.64055681,24.5408,,41.3522
20.65656996,24.513,,41.38
20.66904688,24.8392,,41.0538
20.68117309,25.5082,,40.3848
20.69350195,26.8749,,39.0181
20.70583582,29.1899,,36.7031
20.71845579,35.5225,,30.3705
20.73444891,38.9663,,26.9267
20.7467289,42.4316,,23.4614
20.75951004,46.2627,,19.6303
20.77132082,50.726,,15.167
20.78365493,55.557,,10.336
20.79985595,60.2162,,5.6768
20.81217599,63.839,,2.054
20.82449579,66.1189,,-0.2259
20.83687186,67.2184,,-1.3254
20.84913802,67.8701,,-1.9771
20.86152506,68.2601,,-2.3671
20.87774181,68.915,,-3.022
20.89002085,69.2925,,-3.3995
20.90232182,68.9398,,-3.0468
20.91463685,68.0153,,-2.1223
20.92738795,66.5831,,-0.6901
20.93931699,64.8602,,1.0328
20.95556092,63.1248,,2.7682
20.96802282,61.5046,,4.3884
20.9802649,59.8664,,6.0266
20.99281788,57.6668,,8.2262
21.00477076,57.5251,,8.3679
21.01776385,57.9646,,7.9284
21.03343081,58.6545,,7.2385
21.04569697,59.514,,6.379
21.05800891,60.8703,,5.0227
21.0703609,62.801,,3.092
21.08260798,64.8896,,1.0034
21.0950501,66.5941,,-0.7011
21.11113596,67.66,,-1.767
21.12365079,68.8939,,-3.0009
21.13647008,68.9717,,-3.0787
21.14813495,68.7388,,-2.8458
21.16064596,68.5311,,-2.6381
21.17723083,68.6246,,-2.7316
21.18910289,68.9313,,-3.0383
21.20127702,69.7174,,-3.8244
21.21371794,71.2105,,-5.3175
21.22697306,72.933,,-7.04
21.23835993,74.155,,-8.262
21.25451398,74.448,,-8.555
21.2668159,73.0898,,-7.1968
21.27946711,72.2402,,-6.3472
21.29151797,71.7566,,-5.8636
21.30381489,71.5993,,-5.7063
21.31611395,71.3641,,-5.4711
21.33369184,70.8379,,-4.9449
21.34467983,70.134,,-4.241
21.35693502,69.5183,,-3.6253
21.36929488,69.3376,,-3.4446
21.3818357,69.4649,,-3.5719
21.39442587,70.553,,-4.66
21.4104619,71.2813,,-5.3883
21.42250776,71.7953,,-5.9023
21.43481183,71.8227,,-5.9297
21.44706893,71.2519,,-5.3589
21.45944285,70.2383,,-4.3453
21.47176671,68.9615,,-3.0685
21.48807192,67.5994,,-1.7064
21.50030684,66.4081,,-0.5151
21.5127058,65.8043,,0.0887
21.52494502,66.4448,,-0.5518
21.53738189,66.8946,,-1.0016
21.55346274,67.0103,,-1.1173
21.56582785,67.0092,,-1.1162
21.57819295,67.0473,,-1.1543
21.59048891,67.0615,,-1.1685
21.602705,66.965,,-1.072
21.61521578,66.6803,,-0.7873
21.63143682,66.3989,,-0.5059
21.64387584,66.1741,,-0.2811
21.65594602,65.935,,-0.042
21.66828299,65.4999,,0.3931
21.68060589,65.4494,,0.4436
21.69296908,65.5835,,0.3095
21.70917296,65.897,,-0.004
21.72150683,66.2438,,-0.3508
21.73377681,66.5214,,-0.6284
21.74606705,66.6469,,-0.7539
21.75849986,66.6336,,-0.7406
21.77100706,66.4764,,-0.5834
21.78697681,66.2076,,-0.3146
21.79937792,65.475,,0.418
21.81162405,65.069,,0.824
21.8246069,64.7656,,1.1274
21.83624387,64.603,,1.29
21.84858298,64.4888,,1.4042
21.86509395,64.4141,,1.4789
21.87715006,64.3204,,1.5726
21.88955975,64.2145,,1.6785
21.90173197,64.1522,,1.7408
21.91397095,64.0813,,1.8117
21.93026686,63.979,,1.914
21.94275379,63.7232,,2.1698
21.95493197,63.5728,,2.3202
21.96732187,63.3372,,2.5558
21.97991085,63.135,,2.758
21.99192286,63.0234,,2.8696
22.00813985,62.9212,,2.9718
22.02056503,62.8266,,3.0664
22.03331494,62.7535,,3.1395
22.04509902,62.6391,,3.2539
22.05742908,62.4709,,3.4221
22.06982398,62.2297,,3.6633
22.08597589,62.1895,,3.7035
22.09824586,62.2155,,3.6775
22.11102295,62.3094,,3.5836
22.1229248,62.4479,,3.4451
22.13536596,62.6047,,3.2883
22.14760184,62.7666,,3.1264
22.16389894,62.9592,,2.9338
22.17614698,63.1514,,2.7416
22.18845892,63.2727,,2.6203
22.20075703,63.3073,,2.5857
22.21312785,63.316,,2.577
22.22546887,63.4055,,2.4875
22.24160886,63.6049,,2.2881
22.25390291,63.8153,,2.0777
22.2662518,63.9909,,1.9021
22.278579,64.1681,,1.7249
22.29091001,64.3132,,1.5798
22.30714178,64.3757,,1.5173
22.31945086,64.3927,,1.5003
22.3316927,64.4234,,1.4696
22.34408188,64.5982,,1.2948
22.35641694,64.7513,,1.1417
22.36869693,64.9305,,0.9625
22.38563585,65.2154,,0.6776
22.39720201,65.6902,,0.2028
22.40959907,66.3221,,-0.4291
22.42187595,67.0886,,-1.1956
22.43424797,67.8934,,-2.0004
22.44764185,68.6057,,-2.7127
22.46298981,69.167,,-3.274
22.47524881,69.5248,,-3.6318
22.49382496,69.1144,,-3.2214
22.50152993,68.428,,-2.535
22.51401997,67.6923,,-1.7993
22.52441287,67.1663,,-1.2733
22.54059982,67.0456,,-1.1526
22.55288982,67.419,,-1.526
22.56687689,68.0728,,-2.1798
22.57751083,68.6225,,-2.7295
22.59001875,68.7135,,-2.8205
22.60216284,68.4879,,-2.5949
22.61844683,68.1853,,-2.2923
22.63079882,68.3018,,-2.4088
22.64445806,68.593,,-2.7
22.65548801,68.995,,-3.102
22.66773105,69.5506,,-3.6576
22.68551183,70.2787,,-4.3857
22.6962769,71.1187,,-5.2257
22.70861197,72.0182,,-6.1252
22.72110891,72.8243,,-6.9313
22.73322988,73.455,,-7.562
22.7457087,74.0672,,-8.1742
22.76177788,74.0403,,-8.1473
22.77430391,73.882,,-7.989
22.787498,73.5236,,-7.6306
22.79883814,73.0231,,-7.1301
22.81152582,72.4792,,-6.5862
22.82360792,71.9523,,-6.0593
22.83959985,71.3491,,-5.4561
22.85200906,70.5609,,-4.6679
22.86494994,69.5352,,-3.6422
22.87736607,66.6254,,-0.7324
22.88887095,64.917,,0.976
22.9011519,63.006,,2.887
22.91743803,60.847,,5.046
22.93048668,58.6197,,7.2733
22.94225597,56.3576,,9.5354
22.954355,54.1044,,11.7886
22.96686172,51.9088,,13.9842
22.98290586,49.6698,,16.2232
22.99534798,47.3616,,18.5314
23.00759196,45.2342,,20.6588
23.01992512,42.4621,,23.4309
23.03213382,41.6271,,24.2659
23.04518676,40.8978,,24.9952
23.06072092,40.112,,25.781
23.07323885,38.8775,,27.0155
23.08538198,36.3955,,29.4975
23.09769678,32.2728,,33.6202
23.11009002,26.6403,,39.2527
23.12288094,20.2054,,45.6876
23.1391058,13.8123,,52.0807
23.15089393,4.4862,,61.4068
23.16333389,1.9777,,63.9153
23.17561698,0.6879,,65.2051
23.18780494,0.116,,65.777
23.20004797,0.2991,,65.5939
23.21258593,0.6114,,65.2816
23.22499681,0.1185,,65.7745
23.23721886,0.1539,,65.7391
23.25321293,0.2657,,65.6273
23.26560998,0.3063,,65.5867
23.27849603,0.2705,,65.6225
23.29026198,0.2635,,65.6295
23.30251503,0.2338,,65.6592
23.31483293,0.4072,,65.4858
23.32716703,4.6646,,61.2284
23.33954382,10.2306,,55.6624
23.35560298,20.0645,,45.8285
23.36793876,34.4495,,31.4435
23.38034391,50.8474,,15.0456
23.39272094,65.1321,,0.7609
23.40487504,75.8706,,-9.9776
23.41723704,82.3646,,-16.4716
23.43351197,85.6517,,-19.7587
23.44580984,88.9979,,-23.1049
23.4581368,92.1982,,-26.3052
23.47052503,89.5916,,-23.6986
23.48275089,84.5629,,-18.6699
23.49525404,79.1866,,-13.2936
23.51144195,74.8029,,-8.9099
23.52368379,70.4306,,-4.5376
23.53643084,66.0253,,-0.1323
23.5482378,62.2287,,3.6643
23.56133294,59.5122,,6.3808
23.57291985,57.5809,,8.3121
23.58910799,56.195,,9.698
23.60148191,56.4695,,9.4235
23.61378288,58.9234,,6.9696
23.62630105,61.7702,,4.1228
23.63842106,64.3343,,1.5587
23.65457392,67.0509,,-1.1579
23.66697979,70.5814,,-4.6884
23.679317,74.8616,,-8.9686
23.69179296,79.2777,,-13.3847
23.70391583,82.9805,,-17.0875
23.7162149,85.1321,,-19.2391
23.73296905,84.9992,,-19.1062
23.74477077,83.1649,,-17.2719
23.75709391,80.4177,,-14.5247
23.77184796,77.0825,,-11.1895
23.78209281,73.4948,,-7.6018
23.79436088,70.3332,,-4.4402
23.81070185,68.2709,,-2.3779
23.82895589,67,,-1.107
23.83496094,66.0111,,-0.1181
23.84731078,65.4242,,0.4688
23.85961676,65.6755,,0.2175
23.87187099,67.3877,,-1.4947
23.88809085,67.95,,-2.057
23.90049791,67.9666,,-2.0736
23.9128499,67.512,,-1.619
23.92542195,66.8484,,-0.9554
23.93762112,66.2776,,-0.3846
23.94977283,66.0439,,-0.1509
23.96596789,66.1739,,-0.2809
23.97825289,66.5981,,-0.7051
23.99067402,67.0157,,-1.1227
24.00291204,67.6976,,-1.8046
24.01585388,67.828,,-1.935
24.03145599,67.5825,,-1.6895
24.04378486,67.0862,,-1.1932
24.05627871,66.4531,,-0.5601
24.068959,66.0044,,-0.1114
24.08108902,65.7379,,0.1551
24.09311175,65.5421,,0.3509
24.10962272,65.4532,,0.4398
24.12159276,65.6983,,0.1947
24.13397574,67.4606,,-1.5676
24.14634705,68.5124,,-2.6194
24.15868092,69.4327,,-3.5397
24.17097402,69.9338,,-4.0408
24.18715191,69.867,,-3.974
24.19945669,69.2468,,-3.3538
24.21181178,68.3127,,-2.4197
24.22406101,67.3682,,-1.4752
24.23637199,66.6214,,-0.7284
24.24859285,66.039,,-0.146
24.26518679,65.6273,,0.2657
24.27746582,65.6282,,0.2648
24.28979897,65.7236,,0.1694
24.30179787,65.4769,,0.4161
24.31553173,64.8644,,1.0286
24.32675695,64.1299,,1.7631
24.34288597,63.3963,,2.4967
24.35510588,62.7825,,3.1105
24.36736798,62.2369,,3.6561
24.37972879,61.7499,,4.1431
24.39201474,61.3626,,4.5304
24.40827298,60.7868,,5.1062
24.42072988,60.8474,,5.0456
24.43291879,61.2147,,4.6783
24.44521499,61.8387,,4.0543
24.45792294,62.6033,,3.2897
24.46995091,63.4246,,2.4684
24.48609185,64.1798,,1.7132
24.49837279,64.7499,,1.1431
24.51192188,65.1817,,0.7113
24.52315402,65.4686,,0.4244
24.53543496,65.7943,,0.0987
24.54788899,66.4514,,-0.5584
24.5640099,66.6508,,-0.7578
24.57624602,66.7999,,-0.9069
24.58854508,66.9354,,-1.0424
24.60085583,66.9933,,-1.1003
24.61319089,67.0501,,-1.1571
24.62569594,67.2388,,-1.3458
24.64184093,67.5267,,-1.6337
24.65403199,67.7157,,-1.8227
24.66655898,67.6153,,-1.7223
24.67885089,66.7641,,-0.8711
24.69101286,66.2332,,-0.3402
24.70343876,65.7844,,0.1086
24.72040606,65.5343,,0.3587
24.73189783,65.4994,,0.3936
24.74438882,65.6221,,0.2709
24.75657678,65.9481,,-0.0551
24.7688849,66.4437,,-0.5507
24.7850399,67.0099,,-1.1169
24.79739404,67.6499,,-1.7569
24.80970693,69.1086,,-3.2156
24.82225275,69.6384,,-3.7454
24.83450699,69.9367,,-4.0437
24.84694982,70.1949,,-4.3019
24.86289096,70.5486,,-4.6556
24.87539482,70.9748,,-5.0818
24.88769388,71.5879,,-5.6949
24.89983177,72.3901,,-6.4971
24.91221786,73.1928,,-7.2998
24.9245398,73.6347,,-7.7417
24.94071674,73.6844,,-7.7914
24.9531579,73.1621,,-7.2691
24.96539712,72.5036,,-6.6106
24.97767496,71.6621,,-5.7691
24.99003196,70.7125,,-4.8195
25.0022099,69.5686,,-3.6756
25.01883388,68.2155,,-2.3225
25.03084397,66.8013,,-0.9083
25.04328775,65.2206,,0.6724
25.0555768,63.6021,,2.2909
25.06875086,62.2563,,3.6367
25.08016992,58.5554,,7.3376
25.09639502,55.8504,,10.0426
25.10906506,53.1996,,12.6934
25.12105489,50.7655,,15.1275
25.13346791,48.6114,,17.2816
25.14596891,46.8101,,19.0829
25.16190696,45.0287,,20.8643
25.17444086,42.1136,,23.7794
25.18658495,37.696,,28.197
25.198838,32.1098,,33.7832
25.21195984,26.2145,,39.6785
25.22348285,15.7459,,50.1471
25.23970199,11.1523,,54.7407
25.252033,6.919,,58.974
25.26455998,3.5578,,62.3352
25.27701402,1.438,,64.455
25.28912187,0.325,,65.568
25.30123401,0.203,,65.69
25.31370187,0.3038,,65.5892
25.32593179,0.3434,,65.5496
25.33822179,0.3265,,65.5665
25.35437799,0.3105,,65.5825
25.3666997,0.3496,,65.5434
25.3790307,0.3932,,65.4998
25.39142203,0.3797,,65.5133
25.4036479,0.4059,,65.4871
25.41599798,0.4123,,65.4807
25.42995,0.4048,,65.4882
25.440593,0.4189,,65.4741
25.45306396,0.4049,,65.4881
25.46923184,0.4029,,65.4901
25.48135781,0.3898,,65.5032
25.4937098,0.4095,,65.4835
25.50608683,0.4245,,65.4685
25.51840901,0.4232,,65.4698
25.53066874,0.4205,,65.4725
25.54302692,0.4261,,65.4669
25.55534482,0.4491,,65.4439
25.56761789,0.4626,,65.4304
25.58008671,1.2116,,64.6814
25.59608293,9.8481,,56.0449
25.60871792,27.2365,,38.6565
25.62069201,51.0436,,14.8494
25.63305283,77.2485,,-11.3555
25.64580584,102.9123,,-37.0193
25.66170883,120.8031,,-54.9101
25.67418599,125.559,,-59.666
25.68624496,123.4542,,-57.5612
25.6986289,117.0195,,-51.1265
25.71514606,116.7899,,-50.8969
25.72765803,116.2149,,-50.3219
25.73946285,116.4542,,-50.5612
25.75200272,118.0426,,-52.1496
25.76456499,116.5011,,-50.6081
25.7803998,108.7924,,-42.8994
25.79269481,96.8856,,-30.9926
25.80504203,76.1786,,-10.2856
25.81735086,70.2365,,-4.3435
25.82978582,66.4389,,-0.5459
25.845927,64.1519,,1.7411
25.85825491,63.0957,,2.7973
25.87062192,63.091,,2.802
25.88330603,63.4324,,2.4606
25.89529395,63.5129,,2.3801
25.90745282,63.741,,2.152
25.92375088,64.4124,,1.4806
25.93631482,65.6836,,0.2094
25.94840503,68.9782,,-3.0852
25.9607029,70.1572,,-4.2642
25.97323608,70.7916,,-4.8986
25.98530889,70.9104,,-5.0174
26.00154591,70.7375,,-4.8445
26.01431584,70.4943,,-4.6013
26.02633882,70.3126,,-4.4196
26.0386157,70.1691,,-4.2761
26.05104995,69.805,,-3.912
26.06709003,69.0279,,-3.1349
26.07941794,66.7512,,-0.8582
26.09172297,65.3622,,0.5308
26.10401106,64.1922,,1.7008
26.116328,63.4755,,2.4175
26.12869096,63.217,,2.676
26.14491701,63.3756,,2.5174
26.15719104,63.7462,,2.1468
26.16954994,64.352,,1.541
26.18179274,65.1974,,0.6956
26.19419813,66.3702,,-0.4772
26.20666385,68.8534,,-2.9604
26.22275782,69.1383,,-3.2453
26.23498392,68.6231,,-2.7301
26.24735498,67.5137,,-1.6207
26.2596848,66.3393,,-0.4463
26.27190399,65.5205,,0.3725
26.28419471,65.2341,,0.6589
26.30051589,65.503,,0.39
26.31517696,66.2575,,-0.3645
26.32576394,67.1025,,-1.2095
26.33749199,67.646,,-1.753
26.3497839,67.8304,,-1.9374
26.36217594,67.4336,,-1.5406
26.3784101,66.6051,,-0.7121
26.39068985,65.6448,,0.2482
26.40298986,65.1454,,0.7476
26.41538882,65.5198,,0.3732
26.42788792,66.4115,,-0.5185
26.44387484,67.2955,,-1.4025
26.45619202,67.9067,,-2.0137
26.46850896,68.16,,-2.267
26.48092198,67.8171,,-1.9241
26.49338078,67.4652,,-1.5722
26.50544381,67.2346,,-1.3416
26.52277207,67.0783,,-1.1853
26.53443694,66.8896,,-0.9966
26.54674482,66.6314,,-0.7384
26.55865979,66.2877,,-0.3947
26.57184386,65.9055,,-0.0125
26.58347869,65.8386,,0.0544
26.59955311,66.1745,,-0.2815
26.61293483,66.5744,,-0.6814
26.62418795,66.7809,,-0.8879
26.63642287,66.7392,,-0.8462
26.64888787,66.7845,,-0.8915
26.66118979,67.0536,,-1.1606
26.67738295,67.4187,,-1.5257
26.68969774,67.808,,-1.915
26.70198488,68.1698,,-2.2768
26.71673894,68.47,,-2.577
26.7267549,68.896,,-3.003
26.7389679,69.5647,,-3.6717
26.75520682,71.3301,,-5.4371
26.76753998,72.1815,,-6.2885
26.77984595,72.9056,,-7.0126
26.79210877,73.1351,,-7.2421
26.8044889,72.9202,,-7.0272
26.82063389,72.835,,-6.942
26.83300304,72.6389,,-6.7459
26.84622073,72.1618,,-6.2688
26.85765982,71.3425,,-5.4495
26.86999202,69.999,,-4.106
26.88233304,67.2774,,-1.3844
26.89856791,66.5551,,-0.6621
26.91090202,65.9562,,-0.0632
26.92318296,64.974,,0.919
26.93552995,63.51,,2.383
26.94794393,61.6744,,4.2186
26.960392,59.7732,,6.1198
26.97725701,58.4775,,7.4155
26.98859286,57.9128,,7.9802
27.00099897,57.8096,,8.0834
27.01345992,57.4415,,8.4515
27.02564573,53.8945,,11.9985
27.03849387,50.999,,14.894
27.05411887,48.5388,,17.3542
27.0666728,46.2547,,19.6383
27.07981801,43.3134,,22.5796
27.09108472,39.255,,26.638
27.10357475,34.2861,,31.6069
27.11575508,28.6613,,37.2317
27.13263083,22.8113,,43.0817
27.14457989,17.0092,,48.8838
27.15667391,7.8179,,58.0751
27.16892505,4.7972,,61.0958
27.18126702,2.8372,,63.0558
27.19365001,1.4585,,64.4345
27.205832,0.5089,,65.3841
27.21813202,0.0559,,65.8371
27.23432684,0.2343,,65.6587
27.2467339,0.1862,,65.7068
27.25901604,0.2027,,65.6903
27.27131987,0.1965,,65.6965
27.28367376,0.185,,65.708
27.29644704,0.232,,65.661
27.30839086,0.2425,,65.6505
27.32100797,0.2804,,65.6126
27.33285689,0.3305,,65.5625
27.3490231,0.3208,,65.5722
27.3613708,0.3718,,65.5212
27.3736639,0.084,,65.809
27.38599396,1.0351,,64.8579
27.39825273,3.1092,,62.7838
27.41339183,9.1685,,56.7245
27.42306685,23.0864,,42.8066
27.43527675,42.7691,,23.1239
27.4514339,58.7552,,7.1378
27.46395802,71.9803,,-6.0873
27.47609186,82.1915,,-16.2985
27.48875284,93.0033,,-27.1103
27.50072098,96.7666,,-30.8736
27.51705408,104.5308,,-38.6378
27.53027797,114.2698,,-48.3768
27.54167295,118.602,,-52.709
27.55393887,113.5801,,-47.6871
27.56639695,101.5246,,-35.6316
27.58258986,87.811,,-21.918
27.59501696,76.5673,,-10.6743
27.60718584,63.6012,,2.2918
27.61953592,61.2288,,4.6642
27.63182282,60.7745,,5.1185
27.647995,62.1095,,3.7835
27.66044188,65.2704,,0.6226
27.6727109,69.1257,,-3.2327
27.68502474,72.1519,,-6.2589
27.69766498,73.6523,,-7.7593
27.70962381,73.4563,,-7.5633
27.72581983,72.2735,,-6.3805
27.73855591,72.2556,,-6.3626
27.7505219,73.3153,,-7.4223
27.7635119,74.8906,,-8.9976
27.7753129,76.3578,,-10.4648
27.78800273,77.0645,,-11.1715
27.80366182,76.7011,,-10.8081
27.81659794,75.3893,,-9.4963
27.82832384,73.4666,,-7.5736
27.84074593,71.2811,,-5.3881
27.85311007,69.2271,,-3.3341
27.8657639,67.5766,,-1.6836
27.881675,65.7894,,0.1036
27.89438891,65.481,,0.412
27.906142,65.3485,,0.5445
27.91847205,65.2941,,0.5989
27.93127203,65.2771,,0.6159
27.94317985,65.2801,,0.6129
27.95935178,65.4462,,0.4468
27.97201395,65.7387,,0.1543
27.98459196,65.9963,,-0.1033
27.99708295,66.2869,,-0.3939
28.008641,66.9899,,-1.0969
28.02482891,67.402,,-1.509
28.03733206,67.6122,,-1.7192
28.04946589,67.6722,,-1.7792
28.06180882,67.5316,,-1.6386
28.07455182,67.0907,,-1.1977
28.0866158,66.5996,,-0.7066
28.10281181,66.084,,-0.191
28.1150279,65.6021,,0.2909
28.12751079,65.3401,,0.5529
28.1399188,65.2162,,0.6768
28.15228486,65.603,,0.29
28.16473508,66.0557,,-0.1627
28.18052793,66.5528,,-0.6598
28.19318795,66.9384,,-1.0454
28.20514107,67.2241,,-1.3311
28.21793175,67.5065,,-1.6135
28.2299788,67.6075,,-1.7145
28.24225783,67.4306,,-1.5376
28.25834084,67.1364,,-1.2434
28.27070069,66.9299,,-1.0369
28.28311586,66.6772,,-0.7842
28.29546404,66.6277,,-0.7347
28.30759978,66.6195,,-0.7265
28.31997895,66.694,,-0.801
28.33620095,66.7938,,-0.9008
28.34851885,66.8991,,-1.0061
28.36103582,67.0041,,-1.1111
28.37344599,67.0169,,-1.1239
28.38551092,66.9638,,-1.0708
28.40161896,66.9654,,-1.0724
28.41495204,67.1104,,-1.2174
28.42625999,67.6457,,-1.7527
28.43870997,67.8711,,-1.9781
28.45097303,68.1197,,-2.2267
28.46331096,68.388,,-2.495
28.47960687,68.7598,,-2.8668
28.49188089,69.3052,,-3.4122
28.50410604,70.0243,,-4.1313
28.51658392,70.9228,,-5.0298
28.52894092,71.8408,,-5.9478
28.5411768,72.626,,-6.733
28.55732489,73.3132,,-7.4202
28.56976485,73.0576,,-7.1646
28.58207703,72.319,,-6.426
28.59440899,71.3698,,-5.4768
28.60696888,70.2992,,-4.4062
28.61917591,69.2958,,-3.4028
28.6351428,68.5925,,-2.6995
28.64838886,68.235,,-2.342
28.65976,67.9176,,-2.0246
28.67232013,67.3181,,-1.4251
28.68453693,65.4058,,0.4872
28.69689393,64.7315,,1.1615
28.71379995,63.9543,,1.9387
28.7253828,62.8252,,3.0678
28.73761177,61.6445,,4.2485
28.75005698,60.8057,,5.0873
28.76252484,60.3163,,5.5767
28.77856493,60.0846,,5.8084
28.79089093,59.9129,,5.9801
28.80308795,59.5502,,6.3428
28.81588888,58.486,,7.407
28.82781601,55.2072,,10.6858
28.84028196,53.4044,,12.4886
28.85634279,51.4104,,14.4826
28.86874199,48.77,,17.123
28.88103199,44.9653,,20.9277
28.89327788,40.0786,,25.8144
28.90553188,34.2541,,31.6389
28.91827202,27.7831,,38.1099
28.93468809,20.9217,,44.9713
28.94643211,14.2754,,51.6176
28.95887184,4.6745,,61.2185
28.97105598,2.3548,,63.5382
28.98338485,1.0534,,64.8396
28.99591994,0.2911,,65.6019
29.00796986,0.0502,,65.8428
29.02034473,0.0174,,65.8756
29.03653884,0.0732,,65.8198
29.04884887,0.1542,,65.7388
29.06131101,0.1948,,65.6982
29.07349396,0.2276,,65.6654
29.0857749,0.2654,,65.6276
29.09809113,0.3244,,65.5686
29.11034179,0.3523,,65.5407
29.12374187,1.4233,,64.4697
29.13488007,2.9471,,62.9459
29.15145087,10.2594,,55.6336
29.16407514,23.9776,,41.9154
29.17587686,41.0255,,24.8675
29.18819785,56.2386,,9.6544
29.20042777,69.6486,,-3.7556
29.21297383,81.0759,,-15.1829
29.22903776,90.0244,,-24.1314
29.24133897,97.5136,,-31.6206
29.25372195,104.2006,,-38.3076
29.2660439,109.2008,,-43.3078
29.28236485,108.6122,,-42.7192
29.29462576,100.8424,,-34.9494
29.30707574,89.1261,,-23.2331
29.31982183,77.493,,-11.6
29.33158994,67.9634,,-2.0704
29.34443688,61.029,,4.864
29.3600769,56.5833,,9.3097
29.37240195,54.1585,,11.7345
29.38489699,53.6424,,12.2506
29.39803982,57.8505,,8.0425
29.40954876,61.9772,,3.9158
29.42560005,66.5316,,-0.6386
29.43859792,70.5723,,-4.6793
29.45019889,73.5977,,-7.7047
29.46262193,75.1531,,-9.2601
29.47489381,75.5358,,-9.6428
29.48712873,75.2511,,-9.3581
29.50336695,74.7532,,-8.8602
29.51574683,74.172,,-8.279
29.52829075,72.5319,,-6.6389
29.54040098,71.5997,,-5.7067
29.55273509,70.7621,,-4.8691
29.56506085,69.9831,,-4.0901
29.58132291,69.3619,,-3.4689
29.5935719,68.9942,,-3.1012
29.60587597,68.8005,,-2.9075
29.61823487,68.6277,,-2.7347
29.63065982,68.2993,,-2.4063
29.64294291,67.8003,,-1.9073
29.6593008,66.2942,,-0.4012
29.67147803,65.4443,,0.4487
29.68373203,64.7236,,1.1694
29.69608188,64.3175,,1.5755
29.70861983,64.4403,,1.4527
29.72128797,64.9692,,0.9238
29.73691607,65.6325,,0.2605
29.74922395,66.1993,,-0.3063
29.7624588,66.5997,,-0.7067
29.77389383,66.7942,,-0.9012
29.78627205,66.6588,,-0.7658
29.8024199,66.3798,,-0.4868
29.81528187,66.4947,,-0.6017
29.82787585,66.6379,,-0.7449
29.83974886,66.6695,,-0.7765
29.851794,66.6012,,-0.7082
29.86453986,66.4949,,-0.6019
29.88117886,66.3715,,-0.4785
29.89257097,66.1071,,-0.2141
29.90525389,65.8024,,0.0906
29.91774297,65.5866,,0.3064
29.92963481,65.5988,,0.2942
29.94197106,65.7325,,0.1605
29.9581058,65.821,,0.072
29.97090101,65.8687,,0.0243
29.98293591,65.8585,,0.0345
29.99540782,65.8707,,0.0223
30.007303,65.9675,,-0.0745
30.01969481,66.1051,,-0.2121
30.03611302,66.1962,,-0.3032
30.04829192,66.2106,,-0.3176
30.06052589,66.1873,,-0.2943
30.07285786,66.2909,,-0.3979
30.08522391,66.3319,,-0.4389
30.09796691,66.431,,-0.538
30.11419702,66.5835,,-0.6905
30.12604284,66.7966,,-0.9036
30.13844895,67.1014,,-1.2084
30.15081668,67.549,,-1.656
30.16309571,68.1104,,-2.2174
30.17924786,68.6302,,-2.7372
30.191571,68.9634,,-3.0704
30.20386887,68.9496,,-3.0566
30.21620107,68.9223,,-3.0293
30.22872996,69.0371,,-3.1441
30.24087095,69.1617,,-3.2687
30.25714278,69.1911,,-3.2981
30.26937985,69.1063,,-3.2133
30.28167295,68.9591,,-3.0661
30.29405904,68.8424,,-2.9494
30.30635977,68.7351,,-2.8421
30.31979394,68.5418,,-2.6488
30.33488703,67.4773,,-1.5843
30.34760094,66.6137,,-0.7207
30.35953474,65.6609,,0.2321
30.37205005,64.7675,,1.1255
30.3842299,63.9572,,1.9358
30.39655995,63.2312,,2.6618
30.41274691,62.6786,,3.2144
30.42498279,62.1932,,3.6998
30.43734479,61.6327,,4.2603
30.4496758,60.7921,,5.1009
30.46211886,59.9303,,5.9627
30.47430396,58.9347,,6.9583
30.49116492,59.161,,6.732
30.502877,59.2744,,6.6186
30.51535892,59.1666,,6.7264
30.52747178,58.84,,7.053
30.54121304,57.9594,,7.9336
30.55604005,56.1837,,9.7093
30.56867194,53.3046,,12.5884
30.58071995,49.1161,,16.7769
30.59523892,43.3554,,22.5376
30.60541892,27.9761,,37.9169
30.61771393,19.9314,,45.9616
30.6359539,12.7523,,53.1407
30.64621592,7.3065,,58.5865
30.65848684,3.9255,,61.9675
30.67090678,1.9642,,63.9288
30.68318892,0.8013,,65.0917
30.69559407,0.3746,,65.5184
30.7077899,0.3939,,65.4991
30.72001481,0.2094,,65.6836
30.73243189,0.0239,,65.8691
30.74867988,0.1222,,65.7708
30.76083899,0.2417,,65.6513
30.77352285,0.3098,,65.5832
30.78547883,0.3574,,65.5356
30.79819989,0.3674,,65.5256
30.81008697,0.4075,,65.4855
30.82284975,0.4855,,65.4075
30.83469987,0.6252,,65.2678
30.847121,0.7351,,65.1579
30.86327195,0.1695,,65.7235
30.8756249,2.073,,63.82
30.88851094,7.835,,58.058
30.90017176,23.2603,,42.6327
30.91400504,43.5954,,22.2976
30.92616391,61.425,,4.468
30.93715191,90.1055,,-24.2125
30.95333886,99.3266,,-33.4336
30.96571589,106.5601,,-40.6671
30.97810483,112.7968,,-46.9038
30.99038911,114.3572,,-48.4642
31.00657177,108.533,,-42.64
31.01912498,97.2848,,-31.3918
31.03131199,85.0287,,-19.1357
31.04355192,74.9492,,-9.0562
31.05657601,62.0573,,3.8357
31.06823778,58.6017,,7.2913
31.08463287,56.763,,9.13
31.09685993,56.4285,,9.4645
31.10902405,57.3102,,8.5828
31.12138391,58.8778,,7.0152
31.13371587,60.8328,,5.0602
31.14681387,63.239,,2.654
31.16317177,65.8507,,0.0423
31.17459679,68.4454,,-2.5524
31.1868999,72.0426,,-6.1496
31.19923687,72.6983,,-6.8053
31.21151495,72.6981,,-6.8051
31.22389293,72.3321,,-6.4391
31.24201775,71.7789,,-5.8859
31.25240183,71.1868,,-5.2938
31.26475692,70.5735,,-4.6805
31.27762198,69.9744,,-4.0814
31.28928995,69.3759,,-3.4829
31.30578899,68.8627,,-2.9697
31.31803393,68.4758,,-2.5828
31.33052397,67.9777,,-2.0847
31.34309196,67.8149,,-1.9219
31.35482287,67.6103,,-1.7173
31.36733794,67.3639,,-1.4709
31.38338494,67.0648,,-1.1718
31.39595699,66.7529,,-0.8599
31.40821004,66.3906,,-0.4976
31.420573,65.9632,,-0.0702
31.43320394,65.5372,,0.3558
31.44507384,65.1983,,0.6947
31.46118188,65.1819,,0.7111
31.47363091,65.4179,,0.4751
31.48584509,65.6027,,0.2903
31.49838996,65.7242,,0.1688
31.51043797,65.8423,,0.0507
31.5229249,65.9731,,-0.0801
31.53916502,66.0226,,-0.1296
31.55131793,66.0453,,-0.1523
31.5637567,66.192,,-0.299
31.57627988,66.4527,,-0.5597
31.58833098,66.7042,,-0.8112
31.60067201,66.8291,,-0.9361
31.61684299,66.7539,,-0.8609
31.62923598,66.6261,,-0.7331
31.64154196,66.5329,,-0.6399
31.65380096,66.5798,,-0.6868
31.66647506,66.7391,,-0.8461
31.68262792,66.8416,,-0.9486
31.694695,66.8077,,-0.9147
31.70707488,66.6725,,-0.7795
31.71943092,66.5711,,-0.6781
31.73184395,66.6374,,-0.7444
31.74397397,66.8086,,-0.9156
31.7601769,67.0358,,-1.1428
31.77253294,67.3126,,-1.4196
31.78485298,67.6085,,-1.7155
31.79722691,67.8717,,-1.9787
31.80942488,68.1931,,-2.3001
31.82183504,68.5874,,-2.6944
31.83806181,68.9238,,-3.0308
31.85038185,69.1545,,-3.2615
31.86267185,69.4138,,-3.5208
31.87521386,69.3708,,-3.4778
31.88733482,69.2567,,-3.3637
31.89970207,69.227,,-3.334
31.91585588,69.2536,,-3.3606
31.92820001,69.2507,,-3.3577
31.94052291,69.0268,,-3.1338
31.95278287,68.5575,,-2.6645
31.9656961,68.0405,,-2.1475
31.97767568,67.575,,-1.682
31.99367189,67.1491,,-1.2561
32.00603795,66.4759,,-0.5829
32.01834869,66.2999,,-0.4069
32.03221798,66.0884,,-0.1954
32.04299402,65.6369,,0.2561
32.05917978,64.849,,1.044
32.07152081,63.7196,,2.1734
32.08390498,62.3325,,3.5605
32.09632587,60.7438,,5.1492
32.10848594,59.172,,6.721
32.1207819,57.784,,8.109
32.13699389,55.1233,,10.7697
32.149333,53.3344,,12.5586
32.16189289,51.0559,,14.8371
32.17397571,48.3281,,17.5649
32.18633676,45.6566,,20.2364
32.19918895,43.4703,,22.4227
32.2152648,41.8828,,24.0102
32.22719288,40.5068,,25.3862
32.23943782,39.0061,,26.8869
32.25180793,37.1865,,28.7065
32.26567578,34.5841,,31.3089
32.27679992,25.037,,40.856
32.29270411,18.5708,,47.3222
32.30499792,12.0761,,53.8169
32.31857109,6.742,,59.151
32.33135796,3.3389,,62.5541
32.34289694,1.6055,,64.2875
32.35423398,0.6852,,65.2078
32.36662889,0.4867,,65.4063
32.37920594,0.4484,,65.4446
32.39504385,0.2128,,65.6802
32.40737987,0.0776,,65.8154
32.41971993,0.0422,,65.8508
32.43205309,0.2068,,65.6862
32.44430685,0.2121,,65.6809
32.45669889,0.2249,,65.6681
32.46939707,0.2457,,65.6473
32.48143792,0.3309,,65.5621
32.49355388,0.458,,65.435
32.50971293,0.1158,,65.7772
32.5221777,1.9983,,63.8947
32.53475595,5.6025,,60.2905
32.54691005,16.8158,,49.0772
32.55902481,35.6598,,30.2332
32.57130694,54.139,,11.754
32.58363795,67.3426,,-1.4496
32.59986782,83.9144,,-18.0214
32.61220312,88.3938,,-22.5008
32.62452674,91.5042,,-25.6112
32.63683987,94.6539,,-28.7609
32.64923882,97.9807,,-32.0877
32.66149473,99.4063,,-33.5133
32.67878795,97.5876,,-31.6946
32.69004798,92.479,,-26.586
32.70231295,85.5552,,-19.6622
32.71475792,78.23,,-12.337
32.7270391,65.6303,,0.2627
32.74319386,61.3026,,4.5904
32.75548887,58.3311,,7.5619
32.76786995,56.533,,9.36
32.78045392,55.8943,,9.9987
32.79251099,56.6213,,9.2717
32.80505395,58.8024,,7.0906
32.82103777,62.0984,,3.7946
32.833323,66.2474,,-0.3544
32.84566879,70.6481,,-4.7551
32.8578949,76.69,,-10.797
32.87058377,77.3718,,-11.4788
32.88277793,76.5932,,-10.7002
32.89956093,74.7198,,-8.8268
32.91118693,72.5831,,-6.6901
32.92414594,70.912,,-5.019
32.93582892,69.7619,,-3.8689
32.94819379,69.0747,,-3.1817
32.96046185,68.7377,,-2.8447
32.9767499,68.5236,,-2.6306
32.98947382,68.3395,,-2.4465
33.00133896,67.8164,,-1.9234
33.0139327,67.4228,,-1.5298
33.0259521,66.8758,,-0.9828
33.03877401,66.436,,-0.543
33.05450296,66.251,,-0.358
33.06689382,66.3128,,-0.4198
33.07911086,66.4699,,-0.5769
33.09179711,66.6795,,-0.7865
33.10376096,66.957,,-1.064
33.11999702,67.2496,,-1.3566
33.13266683,67.6344,,-1.7414
33.14467692,67.882,,-1.989
33.15696383,68.0579,,-2.1649
33.16972089,68.0626,,-2.1696
33.18163371,67.8187,,-1.9257
33.19782186,67.3927,,-1.4997
33.21016502,66.9314,,-1.0384
33.22270393,66.459,,-0.566
33.23483181,65.9632,,-0.0702
33.24714184,65.5739,,0.3191
33.2594378,65.4356,,0.4574
33.27567077,65.9912,,-0.0982
33.28870583,66.4581,,-0.5651
33.30041885,66.8719,,-0.9789
33.31261897,67.2045,,-1.3115
33.32495189,67.5669,,-1.6739
33.33716297,67.914,,-2.021
33.35349894,68.095,,-2.202
33.36580586,67.9366,,-2.0436
33.37831187,67.3971,,-1.5041
33.39161611,66.7721,,-0.8791
33.40279198,66.0737,,-0.1807
33.41571903,66.1963,,-0.3033
33.43140483,66.6505,,-0.7575
33.44361496,67.2737,,-1.3807
33.45594096,67.7542,,-1.8612
33.46834278,67.9963,,-2.1033
33.48104978,67.9969,,-2.1039
33.49698281,67.7914,,-1.8984
33.50911999,67.482,,-1.589
33.52147985,67.232,,-1.339
33.53385186,66.6161,,-0.7231
33.54612303,65.9777,,-0.0847
33.55837893,65.0843,,0.8087
33.57462788,64.0323,,1.8607
33.58738995,63.0935,,2.7995
33.59931087,62.3749,,3.5181
33.61186886,61.9711,,3.9219
33.62392402,61.7985,,4.0945
33.63632989,61.6155,,4.2775
33.65253997,61.2392,,4.6538
33.66487193,60.4692,,5.4238
33.67712092,56.9172,,8.9758
33.68943787,54.3617,,11.5313
33.70179892,51.7916,,14.1014
33.71412587,49.4696,,16.4234
33.73033404,47.3606,,18.5324
33.74261689,45.312,,20.581
33.75496292,43.3771,,22.5159
33.76751804,41.4223,,24.4707
33.779773,39.4177,,26.4753
33.79195499,37.6622,,28.2308
33.80813503,35.6272,,30.2658
33.82051992,34.4693,,31.4237
33.83368874,32.3053,,33.5877
33.84512377,28.6029,,37.2901
33.85738611,23.6091,,42.2839
33.87366199,17.8898,,48.0032
33.88604593,11.8977,,53.9953
33.8983829,6.7246,,59.1684
33.91057372,3.243,,62.65
33.92288113,1.4381,,64.4549
33.93522882,0.6561,,65.2369
33.94752693,0.5956,,65.2974
33.95980287,0.2171,,65.6759
33.97214484,0.0829,,65.8101
33.98831701,0.0333,,65.8597
34.00065494,0.1038,,65.7892
34.01299882,0.1071,,65.7859
34.02530289,0.1516,,65.7414
34.03757811,0.1769,,65.7161
34.04986501,0.161,,65.732
34.06222582,0.2004,,65.6926
34.07471013,0.2425,,65.6505
34.08715987,0.3178,,65.5752
34.102983,0.4725,,65.4205
34.11678076,0.115,,65.778
34.12838888,7.2517,,58.6413
34.13994598,15.8675,,50.0255
34.15228176,32.9977,,32.8953
34.16463494,54.6475,,11.2455
34.17709708,69.9042,,-4.0112
34.19317293,83.101,,-17.208
34.2054739,92.435,,-26.542
34.21794105,95.6013,,-29.7083
34.23012471,94.4065,,-28.5135
34.2424159,93.631,,-27.738
34.25477195,97.2501,,-31.3571
34.27100587,109.0177,,-43.1247
34.28369999,105.7751,,-39.8821
34.29573679,95.3631,,-29.4701
34.30796075,82.4084,,-16.5154
34.32020879,70.9328,,-5.0398
34.33700204,63.1531,,2.7399
34.34882474,59.2367,,6.6563
34.36111069,58.4578,,7.4352
34.3736999,59.6494,,6.2436
34.38580203,61.6597,,4.2333
34.40200996,66.5856,,-0.6926
34.41483402,69.2455,,-3.3525
34.42669082,71.5029,,-5.6099
34.43923903,73.0811,,-7.1881
34.45133185,73.9148,,-8.0218
34.4640069,74.2267,,-8.3337
34.47979689,74.0866,,-8.1936
34.4921937,73.6846,,-7.7916
34.50451589,73.3714,,-7.4784
34.517663,73.219,,-7.326
34.52925396,72.8664,,-6.9734
34.54142284,72.2262,,-6.3332
34.55763578,71.3115,,-5.4185
34.56996679,70.3729,,-4.4799
34.5823319,69.6521,,-3.7591
34.596668,69.3016,,-3.4086
34.60698199,69.206,,-3.313
34.61927891,69.1445,,-3.2515
34.63551188,69.1141,,-3.2211
34.64784169,69.1579,,-3.2649
34.66007686,69.2466,,-3.3536
34.67265892,69.2995,,-3.4065
34.684865,69.1589,,-3.2659
34.69731283,68.8554,,-2.9624
34.71332788,68.4756,,-2.5826
34.72561598,68.1379,,-2.2449
34.73793888,67.8757,,-1.9827
34.75056481,67.6818,,-1.7888
34.76282501,67.6364,,-1.7434
34.77883983,67.9073,,-2.0143
34.79112792,68.4794,,-2.5864
34.80379701,69.627,,-3.734
34.81590891,69.7875,,-3.8945
34.82808614,69.6875,,-3.7945
34.84047484,69.4886,,-3.5956
34.85659885,69.2098,,-3.3168
34.86895084,68.9817,,-3.0887
34.88162374,68.7329,,-2.8399
34.89375281,68.5145,,-2.6215
34.90592694,68.4405,,-2.5475
34.91828799,68.4265,,-2.5335
34.93456888,68.5182,,-2.6252
34.94684887,68.5015,,-2.6085
34.95904374,68.3128,,-2.4198
34.97180486,67.9293,,-2.0363
34.98376775,67.4125,,-1.5195
34.99611974,66.8299,,-0.9369
35.01228976,66.2782,,-0.3852
35.02462387,65.7597,,0.1333
35.0373559,65.2285,,0.6645
35.04928899,64.544,,1.349
35.06156397,63.5444,,2.3486
35.07396984,60.7366,,5.1564
35.09016776,58.9435,,6.9495
35.10245085,57.0022,,8.8908
35.11538291,55.2699,,10.6231
35.12722588,53.8725,,12.0205
35.13940787,52.6958,,13.1972
35.15560508,51.38,,14.513
35.16799283,49.4403,,16.4527
35.18025613,46.711,,19.182
35.19303513,43.6161,,22.2769
35.204988,38.1035,,27.7895
35.21725583,35.989,,29.904
35.23372483,34.2531,,31.6399
35.24582887,32.669,,33.224
35.25808692,31.008,,34.885
35.27038598,29.2086,,36.6844
35.28273392,27.2217,,38.6713
35.29516792,25.2037,,40.6893
35.31129885,23.3094,,42.5836
35.32359195,21.6118,,44.2812
35.33597493,20.162,,45.731
35.34826398,17.861,,48.032
35.36059403,16.9949,,48.8981
35.37292075,16.1981,,49.6949
35.38910294,15.2812,,50.6118
35.40142894,14.4083,,51.4847
35.413728,13.721,,52.172
35.42604709,13.2229,,52.6701
35.43839478,12.7956,,53.0974
35.45087481,12.371,,53.522
35.46733809,12.0129,,53.8801
35.47921395,12.436,,53.457
35.491539,13.7016,,52.1914
35.50382996,15.6096,,50.2834
35.51623988,17.9359,,47.9571
35.532444,20.6481,,45.2449
35.54477906,23.9563,,41.9367
35.557307,28.2262,,37.6668
35.56940293,33.6554,,32.2376
35.5817728,40.4741,,25.4189
35.59394288,48.8778,,17.0152
35.61026597,66.9955,,-1.1025
35.62259293,72.8445,,-6.9515
35.63487601,74.8685,,-8.9755
35.64721274,73.7636,,-7.8706
35.65946603,70.7991,,-4.9061
35.67192602,67.1822,,-1.2892
35.68817687,64.0394,,1.8536
35.70042086,62.0936,,3.7994
35.71271586,61.4976,,4.3954
35.7251327,62.1309,,3.7621
35.73766088,63.3753,,2.5177
35.74971986,65.7321,,0.1609
35.76594996,66.2777,,-0.3847
35.77912879,66.5003,,-0.6073
35.79164982,66.5249,,-0.6319
35.80285382,66.5365,,-0.6435
35.8153739,66.6035,,-0.7105
35.8275528,66.7424,,-0.8494
35.84375286,66.901,,-1.008
35.85607505,67.1208,,-1.2278
35.86837292,67.4214,,-1.5284
35.88086581,68.1962,,-2.3032
35.89310908,68.5326,,-2.6396
35.90922284,68.9231,,-3.0301
35.92155814,69.3306,,-3.4376
35.93408179,69.8065,,-3.9135
35.94643378,70.3735,,-4.4805
35.95848775,70.9098,,-5.0168
35.97086287,71.0722,,-5.1792
35.98706889,70.68,,-4.787
35.99946189,70.1257,,-4.2327
36.01190186,69.8082,,-3.9152
36.02404094,69.9073,,-4.0143
36.03646588,70.0944,,-4.2014
36.04871893,70.005,,-4.112
36.06490779,69.4482,,-3.5552
36.07719398,68.5608,,-2.6678
36.09073377,67.6085,,-1.7155
36.10196376,66.8858,,-0.9928
36.11426687,66.4935,,-0.6005
36.126858,66.5026,,-0.6096
36.1427958,66.8079,,-0.9149
36.15501904,67.6908,,-1.7978
36.16765189,67.9954,,-2.1024
36.17970204,67.9616,,-2.0686
36.19204473,67.4853,,-1.5923
36.20426393,66.7924,,-0.8994
36.22059178,66.1985,,-0.3055
36.23300695,65.8805,,0.0125
36.24541378,65.7271,,0.1659
36.257586,65.672,,0.221
36.26992488,65.6207,,0.2723
36.28607011,65.1313,,0.7617
36.30120397,64.4949,,1.3981
36.31067705,63.5168,,2.3762
36.32301283,62.4724,,3.4206
36.3353529,61.5913,,4.3017
36.34798074,60.7213,,5.1717
36.36386895,59.6456,,6.2474
36.37661195,58.176,,7.717
36.38856602,56.3096,,9.5834
36.40109706,54.1885,,11.7045
36.41318083,52.173,,13.72
36.42590284,48.7453,,17.1477
36.44210482,46.8817,,19.0113
36.45401978,44.9288,,20.9642
36.46639895,43.1058,,22.7872
36.47936583,41.6529,,24.2401
36.49099183,40.5053,,25.3877
36.5035007,39.4269,,26.4661
36.51955581,38.1039,,27.7891
36.53189206,36.0745,,29.8185
36.54419303,33.4797,,32.4133
36.55651593,28.5512,,37.3418
36.5689919,26.4709,,39.4221
36.58136988,24.3819,,41.5111
36.59768391,22.3224,,43.5706
36.60968089,20.2922,,45.6008
36.62206388,18.4479,,47.4451
36.63473392,16.8511,,49.0419
36.64694691,15.5194,,50.3736
36.66286492,14.5174,,51.3756
36.67520785,13.8555,,52.0375
36.68763709,13.5362,,52.3568
36.69993496,13.4208,,52.4722
36.71216702,13.4646,,52.4284
36.72452092,13.6529,,52.2401
36.74067473,13.9344,,51.9586
36.75304675,14.2906,,51.6024
36.76572871,14.793,,51.1
36.77770281,15.4491,,50.4439
36.79002094,16.1329,,49.7601
36.802356,17.0165,,48.8765
36.81869388,18.2046,,47.6884
36.83089805,21.7994,,44.0936
36.8432169,24.0783,,41.8147
36.85549283,26.6739,,39.2191
36.86804295,29.5846,,36.3084
36.88039088,32.8194,,33.0736
36.89631009,36.425,,29.468
36.90870404,40.5242,,25.3688
36.92131782,45.0353,,20.8577
36.93403077,49.652,,16.241
36.94563699,53.7062,,12.1868
36.95802784,58.418,,7.475
36.97452188,59.1968,,6.6962
36.9865799,59.1876,,6.7054
36.9988389,58.6606,,7.2324
37.01115608,57.9736,,7.9194
37.02359295,57.4286,,8.4644
37.03973484,57.2631,,8.6299
37.05204487,57.5391,,8.3539
37.06444979,58.202,,7.691
37.07707381,59.1911,,6.7019
37.08927584,60.3053,,5.5877
37.10143375,62.2785,,3.6145
37.11763883,62.9517,,2.9413
37.12990379,63.3517,,2.5413
37.14222908,63.5115,,2.3815
37.15450096,63.4605,,2.4325
37.16689992,63.3164,,2.5766
37.17992496,63.1771,,2.7159
37.19557095,63.0975,,2.7955
37.20765495,63.0589,,2.8341
37.21999598,63.0523,,2.8407
37.23234272,63.0425,,2.8505
37.24465179,63.1219,,2.7711
37.25696492,63.4051,,2.4879
37.27316785,63.7841,,2.1089
37.28591084,64.0416,,1.8514
37.29787493,64.1221,,1.7709
37.31014585,64.0083,,1.8847
37.32259202,63.7467,,2.1463
37.33484387,63.3857,,2.5073
37.35179877,62.9796,,2.9134
37.36332703,62.6043,,3.2887
37.37605405,62.2825,,3.6105
37.388412,62.2569,,3.6361
37.40038085,62.3278,,3.5652
37.41650271,62.3926,,3.5004
37.42888093,62.3375,,3.5555
37.44126081,62.1146,,3.7784
37.45355988,61.7144,,4.1786
37.4675107,61.1143,,4.7787
37.47817087,60.3587,,5.5343
37.49430203,59.5883,,6.3047
37.50665498,58.0683,,7.8247
37.51899981,57.5272,,8.3658
37.531358,57.2787,,8.6143
37.5437541,57.3515,,8.5415
37.55594873,57.6145,,8.2785
37.5725739,57.8341,,8.0589
37.58451986,57.9643,,7.9287
37.59687996,58.0992,,7.7938
37.60917878,58.1503,,7.7427
37.62142897,58.0575,,7.8355
37.63378882,57.788,,8.105
37.64999509,57.1033,,8.7897
37.662292,56.8054,,9.0876
37.67457795,56.6021,,9.2909
37.68721008,56.4641,,9.4289
37.69929886,56.3213,,9.5717
37.71166801,56.1846,,9.7084
37.72785497,56.035,,9.858
37.74080801,55.9393,,9.9537
37.75248885,55.9384,,9.9546
37.76482105,55.9774,,9.9156
37.7770319,55.8758,,10.0172
37.79331279,55.7242,,10.1688
37.80563903,55.5526,,10.3404
37.81821704,55.4227,,10.4703
37.83032894,55.3328,,10.5602
37.842623,55.2557,,10.6373
37.85490489,55.1335,,10.7595
37.8711288,54.9259,,10.9671
37.88365793,54.6038,,11.2892
37.89577985,54.1077,,11.7853
37.90809083,52.9242,,12.9688
37.92046905,52.332,,13.561
37.93294501,51.7577,,14.1353
37.94918394,51.2289,,14.6641
37.96128106,50.6957,,15.1973
37.97360182,50.0973,,15.7957
37.98607993,49.4621,,16.4309
37.99827385,48.8195,,17.0735
38.01052809,48.1398,,17.7532
38.02680302,47.469,,18.424
38.03910589,46.8692,,19.0238
38.05167699,46.069,,19.824
38.06374502,45.8907,,20.0023
38.0762341,45.8309,,20.0621
38.08842707,45.8137,,20.0793
38.10460711,45.854,,20.039
38.11774802,45.9944,,19.8986
38.1292901,46.2035,,19.6895
38.14207888,46.4934,,19.3996
38.15394998,46.8122,,19.0808
38.17009902,47.094,,18.799
38.182513,47.4758,,18.4172
38.19473481,47.5998,,18.2932
38.20703888,47.5696,,18.3234
38.21940684,47.4452,,18.4478
38.23173785,47.4166,,18.4764
38.24793887,47.528,,18.365
38.26028991,47.7308,,18.1622
38.27268481,47.8771,,18.0159
38.28502679,47.8846,,18.0084
38.29733682,47.8713,,18.0217
38.30956078,47.8076,,18.0854
38.32586288,47.806,,18.087
38.33818197,48.1616,,17.7314
38.35047102,48.723,,17.17
38.36327887,49.242,,16.651
38.37507892,49.6906,,16.2024
38.38743687,49.9683,,15.9247
38.40365291,50.0154,,15.8776
38.41620588,49.8992,,15.9938
38.42834473,49.6619,,16.2311
38.44056678,49.3224,,16.5706
38.45298576,48.9531,,16.9399
38.46522593,49.19,,16.703
38.48143172,49.5535,,16.3395
38.4938798,49.9584,,15.9346
38.50602508,50.4145,,15.4785
38.51894879,50.9517,,14.9413
38.53100181,51.6256,,14.2674
38.54692578,52.464,,13.429
38.55926466,53.4593,,12.4337
38.57206488,54.4941,,11.3989
38.58403111,56.352,,9.541
38.59621477,57.0932,,8.7998
38.6085608,57.722,,8.171
38.62495995,58.2914,,7.6016
38.63713598,58.7848,,7.1082
38.64943695,59.2313,,6.6617
38.661726,59.6778,,6.2152
38.67448783,60.0759,,5.8171
38.68641591,60.39,,5.503
38.70261884,60.5395,,5.3535
38.71500278,60.3945,,5.4985
38.72723794,59.0504,,6.8426
38.73983002,58.0262,,7.8668
38.75223088,57.1025,,8.7905
38.76420307,56.2785,,9.6145
38.78046393,55.2856,,10.6074
38.79272604,54.1129,,11.7801
38.80512595,52.9943,,12.8987
38.817451,51.6043,,14.2887
38.82968783,49.7402,,16.1528
38.84208083,47.2551,,18.6379
38.85826373,39.9609,,25.9321
38.87057495,35.2435,,30.6495
38.88299179,30.3348,,35.5582
38.89523005,25.6614,,40.2316
38.90756369,21.3803,,44.5127
38.92374086,17.5647,,48.3283
38.9364109,14.2468,,51.6462
38.94838476,11.6087,,54.2843
38.96067882,9.5573,,56.3357
38.9730258,7.9947,,57.8983
38.98572898,6.9215,,58.9715
38.99759603,5.276,,60.617
39.00995684,4.5526,,61.3404
39.02612782,3.8368,,62.0562
39.0384469,3.1739,,62.7191
39.05078673,2.5638,,63.3292
39.06310201,1.9849,,63.9081
39.07538986,1.4647,,64.4283
39.08769274,1.023,,64.87
39.10021305,0.65,,65.243
39.11231685,0.4115,,65.4815
39.12456489,0.4074,,65.4856
39.13695002,0.4394,,65.4536
39.15314269,0.4596,,65.4334
39.16546273,0.4086,,65.4844
39.17830396,0.2847,,65.6083
39.19038391,0.2541,,65.6389
39.20267987,0.2292,,65.6638
39.21468401,0.1997,,65.6933
39.22711778,0.183,,65.71
39.23924088,0.181,,65.712
39.25158,0.1497,,65.7433
39.2678678,0.1407,,65.7523
39.28033113,0.1109,,65.7821
39.29245591,0.0975,,65.7955
39.30472398,0.0911,,65.8019
39.31706786,0.084,,65.809
39.32936883,0.0736,,65.8194
39.34169769,0.0466,,65.8464
39.35398507,0.0273,,65.8657
39.36640787,0.001,,65.892
39.38246202,0.0096,,65.8834
39.39478087,0.0067,,65.8863
39.40712285,0.0107,,65.8823
39.41944885,0.0213,,65.8717
39.43174672,0.0051,,65.8879
39.44526696,0.0144,,65.8786
39.45632792,0.011,,65.882
39.46932578,0.02,,65.873
39.48102689,0.0345,,65.8585
39.49718404,0.0234,,65.8696
39.50946474,0.0433,,65.8497
39.52176785,0.0204,,65.8726
39.53412485,0.0156,,65.8774
39.54661679,0.0257,,65.8673
39.55873394,0.0589,,65.8341
39.57111001,0.0775,,65.8155
39.58378077,0.0622,,65.8308
39.59568787,0.0382,,65.8548
39.61182499,0.0654,,65.8276
39.62419295,0.0952,,65.7978
39.63694286,0.1001,,65.7929
39.64879584,0.0961,,65.7969
39.66111088,0.0983,,65.7947
39.67346478,0.0956,,65.7974
39.68571711,0.0613,,65.8317
39.69810987,0.0448,,65.8482
39.71023893,0.034,,65.859
39.72651076,0.066,,65.827
39.73881602,0.0614,,65.8316
39.75117588,0.072,,65.821
39.76349974,0.0649,,65.8281
39.77582502,0.0596,,65.8334
39.78810406,0.073,,65.82
39.80066991,0.0601,,65.8329
39.81273389,0.0491,,65.8439
39.82497907,0.0473,,65.8457
39.83723807,0.052,,65.841
39.8536489,0.0548,,65.8382
39.865834,0.057,,65.836
39.87817979,0.0748,,65.8182
39.8904531,0.0691,,65.8239
39.9027729,0.0549,,65.8381
39.91509295,0.057,,65.836
39.92762494,0.0742,,65.8188
39.93970895,0.0525,,65.8405
39.95255494,0.031,,65.862
39.96822476,0.0704,,65.8226
39.98047686,0.0855,,65.8075
39.99284482,0.0767,,65.8163
40.00510693,0.0606,,65.8324
40.01751781,0.0355,,65.8575
40.02985668,0.0676,,65.8254
40.04244471,0.0882,,65.8048
40.05441689,0.0722,,65.8208
40.06672001,0.054,,65.839
40.08291578,0.0658,,65.8272
40.09541392,0.0507,,65.8423
40.10748196,0.0716,,65.8214
40.1201489,0.0549,,65.8381
40.13214278,0.033,,65.86
40.14443588,0.0284,,65.8646
40.15674186,0.0357,,65.8573
40.16910481,0.0425,,65.8505
40.18197989,0.0686,,65.8244
40.19752884,0.0825,,65.8105
40.20988297,0.0801,,65.8129
40.22220182,0.0693,,65.8237
40.23462391,0.0416,,65.8514
40.24720001,0.0263,,65.8667
40.25918484,0.0308,,65.8622
40.27142572,0.0253,,65.8677
40.28407097,0.0537,,65.8393
40.29624081,0.0577,,65.8353
40.31223893,0.0546,,65.8384
40.32609272,0.0288,,65.8642
40.33704185,0.0375,,65.8555
40.34916687,0.0375,,65.8555
40.36145592,0.048,,65.845
40.37385201,0.0202,,65.8728
40.3865869,0.0241,,65.8689
40.39840007,0.0409,,65.8521
40.41072011,0.0511,,65.8419
40.42336988,0.0635,,65.8295
40.44104671,0.0475,,65.8455
40.4517138,0.0427,,65.8503
40.4638958,0.0536,,65.8394
40.47615075,0.0505,,65.8425
40.48848391,0.0678,,65.8252
40.50088096,0.0657,,65.8273
40.513098,0.0519,,65.8411
40.52539587,0.0543,,65.8387
40.5378871,0.0418,,65.8512
40.55399299,0.0427,,65.8503
40.56634092,0.0389,,65.8541
40.57890391,0.041,,65.852
40.59094405,0.0517,,65.8413
40.60317898,0.0655,,65.8275
40.61552191,0.0553,,65.8377
40.62916207,0.051,,65.842
40.6400919,0.034,,65.859
40.65242386,0.0366,,65.8564
40.66860294,0.0514,,65.8416
40.68089199,0.0375,,65.8555
40.69319987,0.0425,,65.8505
40.70551991,0.0579,,65.8351
40.71784878,0.0685,,65.8245
40.73011494,0.0559,,65.8371
40.74266982,0.0347,,65.8583
40.75492001,0.0271,,65.8659
40.76743293,0.0393,,65.8537
40.78350806,0.045,,65.848
40.79568172,0.0565,,65.8365
40.80784082,0.0503,,65.8427
40.820189,0.0386,,65.8544
40.83246899,0.0539,,65.8391
40.84481382,0.0352,,65.8578
40.85708594,0.0427,,65.8503
40.869627,0.0492,,65.8438
40.88258696,0.0555,,65.8375
40.89792585,0.0619,,65.8311
40.91022992,0.042,,65.851
40.92253971,0.0415,,65.8515
40.93490291,0.0496,,65.8434
40.94720101,0.0497,,65.8433
40.95947695,0.0604,,65.8326
40.9717989,0.0561,,65.8369
40.9846499,0.0557,,65.8373
40.99678278,0.0436,,65.8494
41.0126071,0.0419,,65.8511
41.0249629,0.065,,65.828
41.03727698,0.0619,,65.8311
41.04948211,0.0584,,65.8346
41.06182194,0.0314,,65.8616
41.07412195,0.0483,,65.8447
41.08700991,0.052,,65.841
41.09875369,0.0405,,65.8525
41.11113882,0.0341,,65.8589
41.12353277,0.0488,,65.8442
41.13959885,0.052,,65.841
41.15194988,0.0724,,65.8206
41.16421103,0.0525,,65.8405
41.17729998,0.0426,,65.8504
41.18885469,0.0671,,65.8259
41.20113897,0.0509,,65.8421
41.21341491,0.0409,,65.8521
41.22607279,0.0581,,65.8349
41.23820972,0.0425,,65.8505
41.25430393,0.0506,,65.8424
41.26665878,0.0541,,65.8389
41.27952075,0.0384,,65.8546
41.29120684,0.0481,,65.8449
41.30349708,0.0405,,65.8525
41.31584096,0.0417,,65.8513
41.32812691,0.0249,,65.8681
41.34060192,0.0414,,65.8516
41.35381985,0.0345,,65.8585
41.36901307,0.0388,,65.8542
41.38131189,0.051,,65.842
41.39356494,0.0629,,65.8301
41.40590191,0.056,,65.837
41.41840291,0.0497,,65.8433
41.43048286,0.0555,,65.8375
41.44285488,0.0715,,65.8215
41.45555305,0.0452,,65.8478
41.46747708,0.0439,,65.8491
41.48366189,0.0469,,65.8461
41.49599004,0.0412,,65.8518
41.50824285,0.0537,,65.8393
41.5205431,0.058,,65.835
41.53288507,0.0485,,65.8445
41.5451889,0.0399,,65.8531
41.55751491,0.0495,,65.8435
41.56984591,0.0519,,65.8411
41.58420587,0.029,,65.864
41.59838486,0.0383,,65.8547
41.61063981,0.0376,,65.8554
41.62302279,0.0437,,65.8493
41.63533902,0.0422,,65.8508
41.6475358,0.0353,,65.8577
41.65987802,0.0478,,65.8452
41.67219377,0.0557,,65.8373
41.68449497,0.0445,,65.8485
41.69718289,0.0371,,65.8559
41.71298885,0.0243,,65.8687
41.72530985,0.0385,,65.8545
41.73776484,0.0417,,65.8513
41.74994802,0.0364,,65.8566
41.76225591,0.0607,,65.8323
41.77520585,0.0517,,65.8413
41.78701186,0.0626,,65.8304
41.79934287,0.055,,65.838
41.8114388,0.057,,65.836
41.82374978,0.0483,,65.8447
41.84194994,0.032,,65.861
41.85228181,0.0231,,65.8699
41.86456895,0.0282,,65.8648
41.87691689,0.0339,,65.8591
41.88957071,0.0458,,65.8472
41.90152192,0.0492,,65.8438
41.913867,0.0333,,65.8597
41.92630291,0.063,,65.83
41.93848896,0.0522,,65.8408
41.95468593,0.0493,,65.8437
41.96711874,0.0502,,65.8428
41.97972798,0.03,,65.863
41.99183488,0.0382,,65.8548
42.00392199,0.0513,,65.8417
42.01622581,0.0665,,65.8265
42.02849293,0.0576,,65.8354
42.04086399,0.069,,65.824
42.05353498,0.073,,65.82
42.06932688,0.0531,,65.8399
42.08182406,0.0718,,65.8212
42.09398985,0.0328,,65.8602
42.10632777,0.0531,,65.8399
42.11857986,0.0553,,65.8377
42.13092303,0.0496,,65.8434
42.14319897,0.0455,,65.8475
42.15560198,0.0529,,65.8401
42.16788006,0.0691,,65.8239
42.18403888,0.0589,,65.8341
42.19679499,0.0797,,65.8133
42.20859814,0.0428,,65.8502
42.22107291,0.0006,,65.8924
42.23326278,0.0269,,65.8661
42.24554992,0.0677,,65.8253
42.25796986,0.0721,,65.8209
42.27129078,0.0419,,65.8511
42.28249097,0.046,,65.847
42.2987299,0.033,,65.86
42.31101084,0.0252,,65.8678
42.32331872,0.047,,65.846
42.33565903,0.0669,,65.8261
42.34794283,0.0668,,65.8262
42.36029911,0.0482,,65.8448
42.37257504,0.0349,,65.8581
42.38495588,0.0242,,65.8688
42.39719296,0.0309,,65.8621
42.41338611,0.0199,,65.8731
42.42567778,0.0355,,65.8575
42.43817973,0.041,,65.852
42.45029593,0.0435,,65.8495
42.46255398,0.0198,,65.8732
42.47495389,0.0063,,65.8867
42.48767376,0.0007,,65.8923
42.49955893,0.0104,,65.8826
42.51188588,0.0371,,65.8559
42.52421188,0.0266,,65.8664
42.54047084,0.0316,,65.8614
42.55276394,0.0295,,65.8635
42.56516576,0.0401,,65.8529
42.57794094,0.0396,,65.8534
42.58965206,0.0428,,65.8502
42.60207009,0.0517,,65.8413
42.61440182,0.0525,,65.8405
42.62690592,0.0584,,65.8346
42.63891697,0.0428,,65.8502
42.65506196,0.0398,,65.8532
42.66731286,0.031,,65.862
42.67982078,0.0352,,65.8578
42.69194698,0.0608,,65.8322
42.70486689,0.0781,,65.8149