Time (s),Mass (kg),,Pull force (kg)
1.910293102,0.0231,66.84666312,66.823563
1.927048922,0.0075,,66.839163
1.941064835,0.0017,,66.844963
1.952003002,0.0147,,66.831963
1.960764885,0.0091,,66.837563
1.972865105,0.0116,,66.835063
1.986548901,0.0217,,66.824963
1.997076035,0.0034,,66.843263
2.013396978,0.0148,,66.831863
2.021967173,0.0095,,66.837163
2.033715963,0.0238,,66.822863
2.051431894,0.0115,,66.835163
2.060745955,0.0146,,66.832063
2.072250128,0.0106,,66.836063
2.089653969,0.0166,,66.830063
2.098224163,0.0179,,66.828763
2.108577013,0.0136,,66.833063
2.121584177,0.0012,,66.845463
2.132609129,0.0126,,66.834063
2.143484831,0.0259,,66.820763
2.156487226,0.0267,,66.819963
2.167973042,0.0153,,66.831363
2.18503809,0.0166,,66.830063
2.194508076,0.0134,,66.833263
2.215295076,0.03,,66.816663
2.217126131,0.0042,,66.842463
2.230362177,0.0126,,66.834063
2.241957188,0.0099,,66.836763
2.254460096,0.0201,,66.826563
2.26625824,0.0113,,66.835363
2.278557062,0.0062,,66.840463
2.290807009,0.0212,,66.825463
2.303074121,0.02,,66.826663
2.315342188,0.0158,,66.830863
2.32823801,0.0003,,66.846363
2.340030909,0.0101,,66.836563
2.352302074,0.0072,,66.839463
2.364552021,0.0002,,66.846463
2.376835108,0.0022,,66.844463
2.389145136,0.0128,,66.833863
2.401422977,0.004,,66.842663
2.414494991,0.0065,,66.840163
2.432680845,0.011,,66.835663
2.439508915,0.0002,,66.846463
2.450535059,0.0026,,66.844063
2.463191032,0.0002,,66.846463
2.475099087,0.0056,,66.841063
2.487409115,0.0047,,66.841963
2.499614954,0.0072,,66.839463
2.511922836,0.0066,,66.840063
2.524253845,0.0002,,66.846463
2.536514997,0.0177,,66.828963
2.548795223,0.0083,,66.838363
2.561068058,0.002,,66.844663
2.573389053,0.0091,,66.837563
2.585639238,0.021,,66.825663
2.597975969,0.0055,,66.841163
2.610334873,0.0168,,66.829863
2.622682095,0.0229,,66.823763
2.63522315,0.002,,66.844663
2.64706707,0.0144,,66.832263
2.661306143,0.0116,,66.835063
2.671648026,0.0175,,66.829163
2.683944941,0.008,,66.838663
2.69618988,0.0171,,66.829563
2.708503962,0.0091,,66.837563
2.720880032,0.0124,,66.834263
2.733071089,0.01,,66.836663
2.74543786,0.0055,,66.841163
2.757690191,0.0189,,66.827763
2.769934177,0.0189,,66.827763
2.782391071,0.013,,66.833663
2.795645952,0.0125,,66.834163
2.807471037,0.0012,,66.845463
2.819519997,0.0017,,66.844963
2.832129002,0.0124,,66.834263
2.846342087,0.0059,,66.840763
2.857044935,0.0103,,66.836363
2.868862867,0.0085,,66.838163
2.880913258,0.0145,,66.832163
2.89349699,0.0096,,66.837063
2.905236006,0.0009,,66.845763
2.917549133,0.0081,,66.838563
2.930179119,0.008,,66.838663
2.946163893,0.0085,,66.838163
2.958420038,0.0193,,66.827363
2.970638037,0.0313,,66.815363
2.982885122,0.0121,,66.834563
2.995264053,0.0203,,66.826363
3.007522106,0.0008,,66.845863
3.019874096,0.0125,,66.834163
3.032285213,0.0078,,66.838863
3.04494524,0.0033,,66.843363
3.057637215,0.0003,,66.846363
3.069032907,0.0275,,66.819163
3.081909895,0.0162,,66.830463
3.09665823,0.0045,,66.842163
3.106274128,0.0101,,66.836563
3.118179083,0.0242,,66.822463
3.131577015,0.0317,,66.814963
3.146173954,0.0219,,66.824763
3.155169964,0.0191,,66.827563
3.167563915,0.0224,,66.824263
3.179708242,0.0295,,66.817163
3.192231894,0.0241,,66.822563
3.204359055,0.0114,,66.835263
3.220399141,0.0129,,66.833763
3.232772112,0.0064,,66.840263
3.245029211,0.008,,66.838663
3.257339239,0.0164,,66.830263
3.26965189,0.005,,66.841663
3.282988071,0.0093,,66.837363
3.294729948,0.0081,,66.838563
3.306657076,0.0067,,66.839963
3.31892705,0.0063,,66.840363
3.331163168,0.0112,,66.835463
3.345399141,0.0013,,66.845363
3.356317282,0.0147,,66.831963
3.368072033,0.0159,,66.830763
3.380387068,0.0157,,66.830963
3.395114899,0.0072,,66.839463
3.404872894,0.0203,,66.826363
3.41784215,0.0246,,66.822063
3.429638147,0.0064,,66.840263
3.442198038,0.0007,,66.845963
3.454172134,0.0066,,66.840063
3.466407061,0.0009,,66.845763
3.47874403,0.002,,66.844663
3.495739222,0.0014,,66.845263
3.507578135,0.0051,,66.841563
3.519486904,0.0004,,66.846263
3.531809092,0.0021,,66.844563
3.545022011,0.0133,,66.833363
3.55646801,0.0231,,66.823563
3.568743229,0.0146,,66.832063
3.581182957,0.0141,,66.832563
3.595812082,0.0161,,66.830563
3.605781078,0.0269,,66.819763
3.617885828,0.0069,,66.839763
3.630469084,0.0203,,66.826363
3.642510176,0.0285,,66.818163
3.654668093,0.0128,,66.833863
3.666936159,0.0137,,66.832963
3.679689884,0.0018,,66.844863
3.691621065,0.0162,,66.830463
3.703922272,0.0287,,66.817963
3.716135263,0.0201,,66.826563
3.728921175,0.0083,,66.838363
3.740899086,0.0078,,66.838863
3.753005981,0.0122,,66.834463
3.769273043,0.0043,,66.842363
3.782624006,0.0267,,66.819963
3.796200991,0.0328,,66.813863
3.806186914,0.0152,,66.831463
3.820112228,0.0072,,66.839463
3.831844091,0.0263,,66.820363
3.845515966,0.0278,,66.818863
3.855350971,0.0125,,66.834163
3.867791176,0.0226,,66.824063
3.880223036,0.0407,,66.805963
3.892802954,0.0379,,66.808763
3.90458703,0.0139,,66.832763
3.916838169,0.0321,,66.814563
3.929498196,0.0498,,66.796863
3.943403959,0.0451,,66.801563
3.953724861,0.0445,,66.802163
3.966104984,0.0413,,66.805363
3.97954917,0.0199,,66.826763
3.990793943,0.0408,,66.805863
4.00379324,0.0371,,66.809563
4.015182018,0.0184,,66.828263
4.028623104,0.0106,,66.836063
4.044374943,0.0065,,66.840163
4.056348085,0.0032,,66.843463
4.068333149,0.0038,,66.842863
4.080613136,0.0085,,66.838163
4.09385705,0.0027,,66.843963
4.105191231,0.0056,,66.841063
4.117503881,0.0012,,66.845463
4.129805088,0.0005,,66.846163
4.142380953,0.0229,,66.823763
4.154380083,0.0095,,66.837163
4.166664839,0.0156,,66.831063
4.179369926,0.0156,,66.831063
4.192224026,0.019,,66.827663
4.20348525,0.0289,,66.817763
4.215836048,0.0362,,66.810463
4.22837615,0.0324,,66.814263
4.240385056,0.011,,66.835663
4.252668142,0.0175,,66.829163
4.265099049,0.0405,,66.806163
4.277336121,0.0259,,66.820763
4.290067911,0.0105,,66.836163
4.302012205,0.0065,,66.840163
4.318941832,0.0199,,66.826763
4.330725193,0.0124,,66.834263
4.342844963,0.028,,66.818663
4.355058908,0.0239,,66.822763
4.367555141,10.6486,,56.198063
4.379866123,2.6273,,64.219363
4.391916037,4.5272,,62.319463
4.404252052,6.433,,60.413663
4.418087244,9.03,,57.816663
4.429043055,11.4122,,55.434463
4.441189051,13.3625,,53.484163
4.453376055,15.362,,51.484663
4.46598506,17.8917,,48.954963
4.482645035,21.444,,45.402663
4.494342089,26.2099,,40.636763
4.506739855,32.0894,,34.757263
4.518893003,38.7229,,28.123763
4.531369925,45.2674,,21.579263
4.545268059,50.9185,,15.928163
4.555863142,55.1001,,11.746563
4.568445921,57.808,,9.038663
4.584336042,59.679,,7.167663
4.59683919,61.304,,5.542663
4.609573126,63.0076,,3.839063
4.621330976,64.5858,,2.260863
4.633663893,65.857,,0.989663
4.646256208,66.6947,,0.151963
4.65822196,67.0162,,-0.169537
4.670541048,66.8577,,-0.011037
4.68298316,66.38,,0.466663
4.699337959,65.8022,,1.044463
4.711373091,64.7359,,2.110763
4.723790169,63.9893,,2.857363
4.735944986,63.0861,,3.760563
4.748296976,62.0335,,4.813163
4.760605097,60.9634,,5.883263
4.7733922,59.9532,,6.893463
4.785234928,59.0594,,7.787263
4.797698975,58.3947,,8.451963
4.813699007,57.898,,8.948663
4.82646203,57.5981,,9.248563
4.838568926,57.7591,,9.087563
4.850695848,58.2083,,8.638363
4.86332202,58.5792,,8.267463
4.876494169,58.9124,,7.934263
4.890041113,59.5375,,7.309163
4.900402069,59.9806,,6.866063
4.912273169,60.5291,,6.317563
4.924523115,61.0619,,5.784763
4.94076705,61.5338,,5.312863
4.95342207,62.2236,,4.623063
4.965363979,63.8234,,3.023263
4.978375912,66.1305,,0.716163
4.98989892,66.4409,,0.405763
5.002266169,66.5032,,0.343463
5.014534235,67.9105,,-1.063837
5.026869059,69.5033,,-2.656637
5.040519238,70.4067,,-3.560037
5.056621075,69.1416,,-2.294937
5.067718029,67.3039,,-0.457237
5.080797911,65.2213,,1.625363
5.092410088,63.3719,,3.474763
5.109622955,62.0741,,4.772563
5.118631124,61.4281,,5.418563
5.131204128,61.3495,,5.497163
5.14295125,61.8209,,5.025763
5.153929949,62.6941,,4.152563
5.170120955,63.7757,,3.070963
5.18238306,64.8372,,2.009463
5.194756031,65.7882,,1.058463
5.208241224,66.4419,,0.404763
5.219321012,66.4776,,0.369063
5.23169899,66.096,,0.750663
5.243933916,65.6882,,1.158463
5.256923199,65.3624,,1.484263
5.268553019,65.1573,,1.689363
5.284732819,65.0743,,1.772363
5.297448874,65.1892,,1.657463
5.30985713,65.5077,,1.338963
5.321693182,65.9051,,0.941563
5.334481239,66.3336,,0.513063
5.346313953,66.7841,,0.062563
5.360245943,67.0619,,-0.215237
5.371569157,67.1368,,-0.290137
5.383516073,66.671,,0.175663
5.399372101,66.3346,,0.512063
5.411758184,66.0327,,0.813963
5.424844027,65.8906,,0.956063
5.436765194,65.9207,,0.925963
5.448703051,66.1579,,0.688763
5.462768078,66.5053,,0.341363
5.474127054,66.7781,,0.068563
5.485610962,66.8804,,-0.033737
5.497910023,66.8845,,-0.037837
5.514111042,67.0234,,-0.176737
5.526370049,67.3043,,-0.457637
5.538794994,67.4173,,-0.570637
5.551026821,67.1598,,-0.313137
5.563472033,67.0016,,-0.154937
5.575575113,66.8565,,-0.009837
5.588070154,66.6877,,0.158963
5.600154161,66.3131,,0.533563
5.61265707,65.971,,0.875663
5.624799967,66.0295,,0.817163
5.641224861,66.6717,,0.174963
5.653450012,67.5058,,-0.659137
5.666382074,67.8707,,-1.024037
5.678153038,68.9777,,-2.131037
5.6904881,70.6571,,-3.810437
5.704257011,70.652,,-3.805337
5.71511817,69.7782,,-2.931537
5.728155136,66.701,,0.145663
5.761724234,64.991,,1.855663
5.764565945,63.1526,,3.694063
5.770059109,61.3696,,5.477063
5.780468941,59.9552,,6.891463
5.794002056,58.9847,,7.861963
5.805047989,58.3705,,8.476163
5.817718029,57.7797,,9.066963
5.829895973,57.2526,,9.594063
5.841977119,58.5025,,8.344163
5.854247093,61.6858,,5.160863
5.8704319,64.0126,,2.834063
5.882762909,64.9833,,1.863363
5.895105124,67.2191,,-0.372437
5.908002138,68.6621,,-1.815437
5.924973965,70.3122,,-3.465537
5.934355021,71.3136,,-4.466937
5.945044041,71.2413,,-4.394637
5.958039999,70.3865,,-3.539837
5.969413042,69.2754,,-2.428737
5.985074997,68.3076,,-1.460937
5.99745822,67.472,,-0.625337
6.009740114,66.9032,,-0.056537
6.023509979,66.5635,,0.283163
6.03439784,66.4831,,0.363563
6.047743082,66.7761,,0.070563
6.061213255,66.7419,,0.104763
6.071305037,66.0199,,0.826763
6.083606958,65.1259,,1.720763
6.099777937,64.103,,2.743663
6.112061024,63.0109,,3.835763
6.124469042,61.9997,,4.846963
6.136678219,60.9971,,5.849563
6.149309874,60.133,,6.713663
6.161703825,60.1291,,6.717563
6.174129248,60.5599,,6.286763
6.186104059,61.252,,5.594663
6.198397875,62.7884,,4.058263
6.214488983,65.7382,,1.108463
6.227014065,70.5475,,-3.700837
6.241655111,70.7102,,-3.863537
6.251420259,69.4775,,-2.630837
6.26394701,67.27,,-0.423337
6.276731014,64.8924,,1.954263
6.290993214,63.0518,,3.794863
6.300658226,62.0581,,4.788563
6.313996077,61.8578,,4.988863
6.325293064,62.3589,,4.487763
6.341426134,63.3525,,3.494163
6.353806019,64.5744,,2.272263
6.36631918,65.7617,,1.084963
6.378408909,66.6406,,0.206063
6.391330957,67.0801,,-0.233437
6.403021097,67.5018,,-0.655137
6.415307045,67.6851,,-0.838437
6.427680016,67.9041,,-1.057437
6.440944195,68.1152,,-1.268537
6.458619118,68.2482,,-1.401537
6.468458891,68.3297,,-1.483037
6.481103182,68.4382,,-1.591537
6.493672848,68.6463,,-1.799637
6.506954908,68.7417,,-1.895037
6.517607927,68.6901,,-1.843437
6.52996707,68.4525,,-1.605837
6.543113947,68.0344,,-1.187737
6.55805707,67.4697,,-0.623037
6.570826054,66.2415,,0.605163
6.583123922,65.6492,,1.197463
6.59672904,65.0557,,1.790963
6.608646154,64.4754,,2.371263
6.620166063,63.8934,,2.953263
6.632569075,63.2954,,3.551263
6.645046949,62.7518,,4.094863
6.657889128,62.2168,,4.629863
6.669309855,61.617,,5.229663
6.685504913,61.0155,,5.831163
6.698553085,60.4318,,6.414863
6.710946083,59.8734,,6.973263
6.722940922,59.4192,,7.427463
6.736022949,58.9902,,7.856463
6.747093916,58.923,,7.923663
6.759649992,58.7256,,8.121063
6.771830082,58.362,,8.484663
6.784038067,57.9072,,8.939463
6.801472902,57.531,,9.315663
6.812506199,57.1189,,9.727763
6.824880123,56.6406,,10.206063
6.837149143,56.2976,,10.549063
6.849351883,56.2631,,10.583563
6.861721992,56.4464,,10.400263
6.874793053,56.5056,,10.341063
6.886277199,55.9507,,10.895963
6.898630142,52.7645,,14.082163
6.911104918,50.6625,,16.184163
6.929999113,48.6304,,18.216263
6.940979004,47.0141,,19.832563
6.951843023,46.0937,,20.752963
6.96424222,45.8871,,20.959563
6.977161884,46.4363,,20.410363
6.990364075,47.7667,,19.079963
7.00101614,49.7143,,17.132363
7.013456106,51.7871,,15.059563
7.025714874,53.5973,,13.249363
7.041862249,55.0739,,11.772763
7.054222107,56.3141,,10.532563
7.066469193,57.2508,,9.595863
7.078776121,58.1053,,8.741363
7.091701031,58.218,,8.628663
7.103439093,58.2998,,8.546863
7.115699053,58.5145,,8.332163
7.128014088,58.8893,,7.957363
7.14120698,59.3959,,7.450763
7.157445192,59.9438,,6.902863
7.169651985,60.5433,,6.303363
7.181154013,61.1693,,5.677363
7.193596125,61.7999,,5.046763
7.206440926,62.3634,,4.483263
7.21806097,62.7553,,4.091363
7.23086524,62.9777,,3.868963
7.242800236,62.8788,,3.967863
7.255228043,62.5904,,4.256263
7.271189928,62.2644,,4.582263
7.283535004,62.0266,,4.820063
7.296051025,61.8895,,4.957163
7.308800936,61.7716,,5.075063
7.320432186,61.7305,,5.116163
7.333653927,61.8736,,4.973063
7.346605062,62.102,,4.744663
7.358010054,62.4923,,4.354363
7.369639158,63.0837,,3.762963
7.394040108,63.8408,,3.005863
7.400167942,64.6471,,2.199563
7.415266991,66.232,,0.614663
7.422871113,67.1013,,-0.254637
7.435163021,67.8116,,-0.964937
7.447648048,68.1827,,-1.336037
7.459746122,68.1307,,-1.284037
7.474513054,67.7385,,-0.891837
7.484667063,67.272,,-0.425337
7.50058794,66.8916,,-0.044937
7.51287818,66.7123,,0.134363
7.525169134,66.7567,,0.089963
7.539267063,66.8466,,6.3E-05
7.549806118,66.9175,,-0.070837
7.563092947,66.9597,,-0.113037
7.575444937,66.741,,0.105663
7.587152004,66.569,,0.277663
7.59962225,66.6244,,0.222263
7.611396074,67.0922,,-0.245537
7.627549887,67.8903,,-1.043637
7.640490055,68.8,,-1.953337
7.652148962,69.3832,,-2.536537
7.664448023,69.3696,,-2.522937
7.676713943,68.894,,-2.047337
7.689120054,68.1968,,-1.350137
7.701414108,67.5692,,-0.722537
7.71370101,67.2629,,-0.416237
7.725956202,67.3325,,-0.485837
7.74221015,0.8666,,65.980063
7.754689932,239.6061,,-172.759437
7.766834974,67.7808,,-0.934137
7.77918005,67.7808,,-0.934137
7.794126987,67.9016,,-1.054937
7.804240227,68.1481,,-1.301437
7.816049099,68.313,,-1.466337
7.828466177,68.3071,,-1.460437
7.841320992,68.115,,-1.268337
7.857484102,67.809,,-0.962337
7.869214058,67.5317,,-0.685037
7.881522894,67.3473,,-0.500637
7.893958092,67.2129,,-0.366237
7.906263113,67.0686,,-0.221937
7.918971062,66.2444,,0.602263
7.930786133,65.7178,,1.128863
7.945658207,65.2189,,1.627763
7.956438065,64.817,,2.029663
7.971898079,64.4492,,2.397463
7.983891964,64.2004,,2.646263
7.996258974,64.1915,,2.655163
8.008685112,64.3524,,2.494263
8.021213293,64.633,,2.213663
8.033501148,65.0403,,1.806363
8.045572996,65.4191,,1.427563
8.057781935,65.7721,,1.074563
8.070039034,66.0794,,0.767263
8.088021994,66.1507,,0.695963
8.098546982,65.8683,,0.978363
8.111733913,65.6139,,1.232763
8.123168945,65.3985,,1.448163
8.135488033,65.1149,,1.731763
8.147843122,64.8558,,1.990863
8.160198212,64.7841,,2.062563
8.172571182,65.0362,,1.810463
8.185386896,65.529,,1.317663
8.201091051,66.046,,0.800663
8.215121031,66.383,,0.463663
8.225550175,66.5987,,0.247963
8.238209009,66.7973,,0.049363
8.250432014,67.598,,-0.751337
8.263207912,67.9961,,-1.149437
8.275014162,68.3373,,-1.490637
8.287117958,68.5389,,-1.692237
8.299402952,68.5992,,-1.752537
8.312375069,68.3414,,-1.494737
8.32811594,67.8951,,-1.048437
8.343312025,67.4119,,-0.565237
8.3526299,66.8818,,-0.035137
8.364911079,66.4102,,0.436463
8.377177,66.1804,,0.666263
8.389901161,66.2584,,0.588263
8.401837111,66.5235,,0.323163
8.414040089,66.5947,,0.251963
8.438160181,66.4657,,0.380963
8.443263054,66.4148,,0.431863
8.45866704,66.5607,,0.285963
8.468655109,66.8758,,-0.029137
8.480264902,67.1745,,-0.327837
8.494369984,67.3636,,-0.516937
8.504256964,67.3771,,-0.530437
8.517726898,67.2482,,-0.401537
8.530216932,67.0252,,-0.178537
8.541690111,66.7955,,0.051163
8.557468176,66.6509,,0.195763
8.569593191,66.5156,,0.331063
8.581892014,66.4177,,0.428963
8.594281912,66.0893,,0.757363
8.606550932,65.8372,,1.009463
8.618845224,65.6276,,1.219063
8.631301165,65.5541,,1.292563
8.643511057,65.6751,,1.171563
8.655754089,65.9371,,0.909563
8.674273014,66.1703,,0.676363
8.684650898,66.2145,,0.632163
8.700413942,66.0838,,0.762863
8.709805012,65.9008,,0.945863
8.725441933,65.7502,,1.096463
8.734906197,65.6806,,1.166063
8.746270895,65.7577,,1.088963
8.758481026,66.2422,,0.604463
8.770801067,66.5484,,0.298263
8.786642075,66.9424,,-0.095737
8.799305916,67.4366,,-0.589937
8.812334061,67.9925,,-1.145837
8.827007055,68.455,,-1.608337
8.844995975,68.6079,,-1.761237
8.849601984,68.4078,,-1.561137
8.863003016,68.0019,,-1.155237
8.877331018,67.5521,,-0.705437
8.892266989,67.0434,,-0.196737
8.902323008,66.4773,,0.369363
8.913629293,65.8682,,0.978463
8.926278114,65.2588,,1.587863
8.938276052,65.4581,,1.388563
8.950529099,65.8634,,0.983263
8.962841034,66.2952,,0.551463
8.975328922,66.5589,,0.287763
8.987498999,66.6413,,0.205363
8.999697208,66.6102,,0.236463
9.012163162,66.5921,,0.254563
9.028259039,66.6602,,0.186463
9.046867847,66.8885,,-0.041837
9.052900076,67.2351,,-0.388437
9.066769123,67.832,,-0.985337
9.078457117,68.5589,,-1.712237
9.090465069,69.5257,,-2.679037
9.102147102,69.349,,-2.502337
9.116621971,68.8122,,-1.965537
9.126692057,68.1437,,-1.297037
9.14307189,67.5616,,-0.714937
9.155328035,67.1183,,-0.271637
9.174428225,66.7733,,0.073363
9.183284998,66.5746,,0.272063
9.193120003,66.55,,0.296663
9.204554081,66.7673,,0.079363
9.217166185,67.1252,,-0.278537
9.229063272,67.5242,,-0.677537
9.241410017,67.9121,,-1.065437
9.257935047,68.1481,,-1.301437
9.26996088,68.1636,,-1.316937
9.282276154,67.9546,,-1.107937
9.294591904,67.6632,,-0.816537
9.306967974,67.3789,,-0.532237
9.319184065,67.3578,,-0.511137
9.33199501,67.5219,,-0.675237
9.343762875,67.7258,,-0.879137
9.356169939,67.9156,,-1.068937
9.37234807,68.0106,,-1.163937
9.384668112,68.0796,,-1.232937
9.39696312,68.1059,,-1.259237
9.409298897,67.9368,,-1.090137
9.426805973,67.509,,-0.662337
9.433923006,66.9216,,-0.074937
9.447551966,66.9666,,-0.119937
9.45857811,67.1711,,-0.324437
9.471412897,67.3107,,-0.464037
9.487022161,67.3671,,-0.520437
9.500438929,67.3727,,-0.526037
9.512024164,67.3173,,-0.470637
9.526294947,67.2228,,-0.376137
9.536390066,67.1257,,-0.279037
9.548875093,67.0086,,-0.161937
9.561095238,66.768,,0.078663
9.577854872,66.4543,,0.392363
9.585647106,66.0852,,0.761463
9.597814083,65.3677,,1.478963
9.613996983,64.9963,,1.850363
9.626620054,64.7189,,2.127763
9.638713121,64.5604,,2.286263
9.651172161,64.3891,,2.457563
9.663968086,64.1897,,2.656963
9.677165985,64.0229,,2.823763
9.688316822,63.8855,,2.961163
9.700498819,63.8357,,3.010963
9.712535143,63.8337,,3.012963
9.728687048,63.8688,,2.977863
9.741018057,63.9139,,2.932763
9.753298998,63.9041,,2.942563
9.765596151,63.846,,3.000663
9.777868032,63.7752,,3.071463
9.792699099,63.6528,,3.193863
9.804206133,63.5235,,3.323163
9.814934015,63.5987,,3.247963
9.82841897,63.8223,,3.024363
9.845063925,64.0503,,2.796363
9.859074116,64.2992,,2.547463
9.868098021,64.5955,,2.251163
9.880323172,64.9194,,1.927263
9.89353323,65.3447,,1.501963
9.905632973,65.9225,,0.924163
9.917195082,66.5297,,0.316963
9.929757118,67.0195,,-0.172837
9.941884995,67.0903,,-0.243637
9.958042145,66.6909,,0.155763
9.970321178,66.1241,,0.722563
9.982670069,65.3954,,1.451263
9.994899035,64.6285,,2.218163
10.00744915,63.8928,,2.953863
10.01953602,63.1932,,3.653463
10.03182411,62.4915,,4.355163
10.04770398,61.8075,,5.039163
10.06544995,61.2541,,5.592563
10.08574104,60.9569,,5.889763
10.09487104,61.0586,,5.788063
10.10319304,61.5672,,5.279463
10.1123271,62.9724,,3.874263
10.12196708,63.4015,,3.445163
10.13627791,63.4401,,3.406563
10.15277004,63.1158,,3.730863
10.16144705,62.4883,,4.358363
10.17276788,61.6854,,5.161263
10.1897819,60.8504,,5.996263
10.19971299,60.0511,,6.795563
10.21207905,59.4268,,7.419863
10.22445703,58.9963,,7.850363
10.23658204,58.7642,,8.082463
10.24888706,58.7044,,8.142263
10.26126623,58.7327,,8.113963
10.27361608,59.103,,7.743663
10.28590894,59.5493,,7.297363
10.3003099,60.0424,,6.804263
10.316751,60.4407,,6.405963
10.32692719,60.7165,,6.130163
10.34363008,60.9885,,5.858163
10.35152411,61.2573,,5.589363
10.36363602,61.5318,,5.314863
10.37609911,61.9168,,4.929863
10.38820505,62.2981,,4.548563
10.40065622,62.6349,,4.211763
10.41283202,62.8139,,4.032763
10.43424106,62.7743,,4.072363
10.44142699,62.7542,,4.092463
10.45369816,63.1904,,3.656263
10.46654701,63.9078,,2.938863
10.47832918,64.7072,,2.139463
10.49063802,65.2686,,1.578063
10.50283909,65.5014,,1.345263
10.51519704,65.4914,,1.355263
10.52764511,65.3461,,1.500563
10.54593706,65.2699,,1.576763
10.56492996,65.4285,,1.418163
10.56941414,65.7996,,1.047063
10.58348894,66.137,,0.709663
10.59346414,66.4039,,0.442763
10.60527992,66.9097,,-0.063037
10.61751294,66.9692,,-0.122537
10.62990093,66.8868,,-0.040137
10.64292502,66.7142,,0.132463
10.65861917,66.5235,,0.323163
10.67133904,66.3926,,0.454063
10.68338203,66.2482,,0.598463
10.69534802,66.1207,,0.725963
10.70777917,66.0307,,0.815963
10.72000313,66.0532,,0.793463
10.73221302,66.2325,,0.614163
10.74465108,66.5505,,0.296163
10.75680113,66.9449,,-0.098237
10.77322698,67.1897,,-0.343037
10.78552103,66.8659,,-0.019237
10.79770708,66.674,,0.172663
10.80999804,66.6855,,0.161163
10.82230306,66.8595,,-0.012837
10.83464217,67.0284,,-0.181737
10.84694505,66.987,,-0.140337
10.8593359,66.6969,,0.149763
10.87172198,66.2475,,0.599163
10.88777709,65.7643,,1.082363
10.90008712,65.3733,,1.473363
10.91241693,65.069,,1.777663
10.92478108,64.748,,2.098663
10.9369452,64.3928,,2.453863
10.94930315,63.4672,,3.379463
10.96165013,62.8465,,4.000163
10.97396708,62.1238,,4.722863
10.98624611,61.4077,,5.438963
10.99856782,60.773,,6.073663
11.014781,60.0952,,6.751463
11.02708817,59.2542,,7.592463
11.039469,58.424,,8.422663
11.05170989,57.6859,,9.160763
11.06399417,56.887,,9.959663
11.07652712,55.9325,,10.914163
11.08856297,54.8323,,12.014363
11.10082603,53.6969,,13.149763
11.11324906,50.3544,,16.492263
11.12948298,47.937,,18.909663
11.14217901,45.0122,,21.834463
11.154037,41.8103,,25.036363
11.16636205,38.7802,,28.066463
11.17908096,36.1228,,30.723863
11.19117308,33.6455,,33.201163
11.20328212,30.948,,35.898663
11.21567798,28.0412,,38.805463
11.22794104,25.1506,,41.696063
11.24410224,22.5732,,44.273463
11.25645304,20.1746,,46.672063
11.26875806,17.988,,48.858663
11.281003,16.2052,,50.641463
11.29348803,16.6026,,50.244063
11.30630302,17.5152,,49.331463
11.31792998,18.8988,,47.947863
11.33028698,20.4993,,46.347363
11.343189,21.8864,,44.960263
11.35955405,22.9111,,43.935563
11.37116218,23.4856,,43.361063
11.38345695,23.5778,,43.268863
11.39574909,23.3332,,43.513463
11.40813422,23.0091,,43.837563
11.42138219,22.7125,,44.134163
11.43537211,22.4629,,44.383763
11.4450109,21.9825,,44.864163
11.45744514,20.4613,,46.385363
11.47345805,19.9104,,46.936263
11.485816,19.6199,,47.226763
11.49917889,19.3387,,47.507963
11.51059198,18.9969,,47.849763
11.52287006,18.8081,,48.038563
11.53501701,18.698,,48.148663
11.55144501,18.5128,,48.333863
11.56024218,18.3955,,48.451163
11.57326007,18.4677,,48.378963
11.58816004,18.7112,,48.135463
11.60048509,19.0457,,47.800963
11.61282516,19.3227,,47.523963
11.62891698,20.1551,,46.691563
11.63792706,20.9153,,45.931363
11.64976501,21.6971,,45.149563
11.6621592,22.616,,44.230663
11.67450213,23.992,,42.854663
11.68660712,25.7433,,41.103363
11.70281219,27.6776,,39.169063
11.71615624,29.8868,,36.959863
11.72759914,32.9063,,33.940363
11.73989391,37.2725,,29.574163
11.75217295,42.6237,,24.222963
11.76449299,53.8212,,13.025463
11.78064299,60.128,,6.718663
11.79303193,67.045,,-0.198337
11.80788207,73.66,,-6.813337
11.81768227,79.1978,,-12.351137
11.82996511,83.1905,,-16.343837
11.84285688,85.5969,,-18.750237
11.85851693,86.6914,,-19.844737
11.87089705,86.6871,,-19.840437
11.88313508,85.6589,,-18.812237
11.89553499,84.0376,,-17.190937
11.90798306,79.8763,,-13.029637
11.92012119,77.5724,,-10.725737
11.93703294,75.4075,,-8.560837
11.94988894,73.8823,,-7.035637
11.96372199,72.839,,-5.992337
11.97367406,71.4804,,-4.633737
11.98570704,69.3931,,-2.546437
12.0019052,66.951,,-0.104337
12.015769,65.0265,,1.820163
12.02700686,64.1045,,2.742163
12.03877616,63.8461,,3.000563
12.051162,63.4109,,3.435763
12.06336403,62.7,,4.146663
12.07969904,62.049,,4.797663
12.09269094,61.5326,,5.314063
12.10429788,61.1123,,5.734363
12.11664605,61.0369,,5.809763
12.12887287,61.117,,5.729663
12.14159608,61.1576,,5.689063
12.15756798,61.2324,,5.614263
12.16984606,60.9451,,5.901563
12.18559623,60.851,,5.995663
12.19997525,61.2099,,5.636763
12.21318102,61.9729,,4.873763
12.21908092,63.1477,,3.698963
12.23529387,64.231,,2.615663
12.24759603,64.9476,,1.899063
12.26065207,65.1082,,1.738463
12.27225399,64.7648,,2.081863
12.28503203,64.2647,,2.581963
12.29694009,63.5881,,3.258563
12.31413913,63.702,,3.144663
12.32620502,63.8235,,3.023163
12.33779907,63.8343,,3.012363
12.35011411,63.8267,,3.019963
12.36248708,63.7933,,3.053363
12.37865329,63.5166,,3.330063
12.39154196,63.0317,,3.814963
12.40414,62.5436,,4.303063
12.41580105,62.2124,,4.634263
12.42806292,61.7224,,5.124263
12.4402411,60.1536,,6.693063
12.45647216,59.5349,,7.311763
12.46886396,59.0463,,7.800363
12.48114991,58.5414,,8.305263
12.49344707,58.0071,,8.839563
12.50568914,57.424,,9.422663
12.51807213,57.0951,,9.751563
12.53429008,57.0116,,9.835063
12.5465982,56.8861,,9.960563
12.56556416,56.6921,,10.154563
12.57135105,55.159,,11.687663
12.58398199,53.6503,,13.196363
12.59662008,51.7846,,15.062063
12.61213207,49.2698,,17.576863
12.62458587,46.0005,,20.846163
12.63709807,42.513,,24.333663
12.64911604,38.9473,,27.899363
12.66137505,35.3726,,31.474063
12.67416906,32.122,,34.724663
12.68996906,29.1544,,37.692263
12.70230603,25.5818,,41.264863
12.71469307,24.9672,,41.879463
12.72694111,24.5558,,42.290863
12.73948407,24.3537,,42.492963
12.75583887,23.8862,,42.960463
12.76781583,22.6762,,44.170463
12.78011799,20.5757,,46.270963
12.7924552,18.1989,,48.647763
12.804672,16.0581,,50.788563
12.81698608,14.3175,,52.529163
12.83344603,12.401,,54.445663
12.84584498,12.3485,,54.498163
12.85798097,12.6693,,54.177363
12.87052894,13.4722,,53.374463
12.88269901,14.9225,,51.924163
12.89507198,16.7822,,50.064463
12.91113901,18.7622,,48.084463
12.92371202,20.8025,,46.044163
12.93570995,22.6767,,44.169963
12.94810796,24.2515,,42.595163
12.9605391,26.1494,,40.697263
12.97261906,32.0635,,34.783163
12.988904,34.3409,,32.505763
13.00134921,35.9449,,30.901763
13.01374626,36.9175,,29.929163
13.02586222,36.8546,,29.992063
13.03836417,36.1323,,30.714363
13.05087686,35.8245,,31.022163
13.06677103,36.7435,,30.103163
13.07919002,38.8901,,27.956563
13.0914371,41.6319,,25.214763
13.10374713,46.1585,,20.688163
13.11599302,47.7312,,19.115463
13.13228416,49.3284,,17.518263
13.14457607,51.4075,,15.439163
13.15689111,54.2794,,12.567263
13.16923594,57.7158,,9.130863
13.18149018,61.3834,,5.463263
13.19390011,65.6363,,1.210363
13.21009207,69.8544,,-3.007737
13.22245502,73.3236,,-6.476937
13.23477602,78.4886,,-11.641937
13.24699116,80.7665,,-13.919837
13.25944018,82.5671,,-15.720437
13.27238202,83.5125,,-16.665837
13.28796005,83.7725,,-16.925837
13.30058599,85.1648,,-18.318137
13.31349087,87.5982,,-20.751537
13.32568288,88.8156,,-21.968937
13.33725095,87.8403,,-20.993637
13.34955907,85.3149,,-18.468237
13.3657341,80.6401,,-13.793437
13.37818694,79.1097,,-12.263037
13.39071298,77.813,,-10.966337
13.40292716,76.4091,,-9.562437
13.416677,74.8875,,-8.040837
13.43169308,73.294,,-6.447337
13.44426322,71.3861,,-4.539437
13.45867205,69.0781,,-2.231437
13.47024298,66.6343,,0.212363
13.48467207,64.3954,,2.451263
13.49288106,62.7148,,4.131863
13.50948095,61.0755,,5.771163
13.52146196,60.6303,,6.216363
13.53368115,60.0503,,6.796363
13.54616714,59.6,,7.246663
13.558393,59.376,,7.470663
13.57078505,59.4279,,7.418763
13.58693027,59.8924,,6.954263
13.59920311,60.3799,,6.466763
13.61330295,60.5812,,6.265463
13.62380099,60.7369,,6.109763
13.63619208,60.9296,,5.917063
13.64851308,60.748,,6.098663
13.66474605,60.4244,,6.422263
13.67820907,60.0778,,6.768863
13.68945003,59.7862,,7.060463
13.70196414,59.7884,,7.058263
13.71395302,60.1393,,6.707363
13.72713208,60.5538,,6.292863
13.74369097,61.1452,,5.701463
13.75494409,61.8042,,5.042463
13.76715708,63.1383,,3.708363
13.77950096,64.0237,,2.822963
13.79446912,64.9059,,1.940763
13.80424809,65.8687,,0.977963
13.82344699,67.0809,,-0.234237
13.83673286,68.197,,-1.350337
13.84516001,68.9124,,-2.065737
13.85735393,69.1931,,-2.346437
13.86976194,69.4089,,-2.562237
13.885885,69.8064,,-2.959737
13.89820528,70.3166,,-3.469937
13.91065121,70.546,,-3.699337
13.92288995,70.8532,,-4.006537
13.93544698,70.7721,,-3.925437
13.947685,70.0044,,-3.157737
13.96374106,68.8019,,-1.955237
13.97702599,67.4549,,-0.608237
13.98836088,66.1129,,0.733763
14.00079107,64.7765,,2.070163
14.01309514,63.1796,,3.667063
14.02531409,61.2785,,5.568163
14.04157519,57.9045,,8.942163
14.05384707,56.8467,,9.999963
14.06620693,56.121,,10.725663
14.07845712,55.4304,,11.416263
14.09100103,54.6618,,12.184863
14.10310912,53.9024,,12.944263
14.11938095,53.391,,13.455663
14.13168716,53.209,,13.637663
14.14423013,53.0228,,13.823863
14.15633893,52.6774,,14.169263
14.16871595,50.815,,16.031663
14.18186498,49.054,,17.792663
14.197366,46.8637,,19.982963
14.20980597,44.4971,,22.349563
14.22179914,42.2935,,24.553163
14.23500109,40.6485,,26.198163
14.24640417,39.4973,,27.349363
14.26272106,38.4566,,28.390063
14.27503991,37.2505,,29.596163
14.28741026,35.36,,31.486663
14.29974198,29.1505,,37.696163
14.31214905,25.8189,,41.027763
14.32455611,23.1499,,43.696763
14.34063888,21.512,,45.334663
14.35285902,20.6575,,46.189163
14.36518192,20.1873,,46.659363
14.37757206,20.0223,,46.824363
14.38978815,19.9415,,46.905163
14.40216804,19.7782,,47.068463
14.41836596,19.753,,47.093663
14.43072009,21.0567,,45.789963
14.44315314,22.5844,,44.262263
14.45541501,24.6603,,42.186363
14.46780586,26.4027,,40.443963
14.48000884,27.4846,,39.362063
14.49619102,28.5046,,38.342063
14.50876594,29.6845,,37.162163
14.52083206,30.5122,,36.334463
14.53315926,30.8003,,36.046363
14.54551291,30.8982,,35.948463
14.55780602,31.5765,,35.270163
14.57400393,34.7227,,32.123963
14.58630705,37.0795,,29.767163
14.59885597,39.29,,27.556663
14.61137509,41.2154,,25.631263
14.62366891,42.936,,23.910663
14.63955402,44.384,,22.462663
14.65182614,45.5204,,21.326263
14.66675925,47.0742,,19.772463
14.6778512,49.5272,,17.319463
14.69601297,52.8497,,13.996963
14.70835614,59.2162,,7.630463
14.71910596,60.7748,,6.071863
14.73010397,61.6853,,5.161363
14.74493003,63.0855,,3.761163
14.75628114,65.7357,,1.110963
14.77129006,69.1868,,-2.340137
14.77918005,72.795,,-5.948337
14.80053401,76.0534,,-9.206737
14.80751991,78.9979,,-12.151237
14.8198421,81.2897,,-14.443037
14.83227897,85.2492,,-18.402537
14.8454411,87.1456,,-20.298937
14.85668302,88.8576,,-22.010937
14.87298918,90.4833,,-23.636637
14.88532615,91.2769,,-24.430237
14.89765716,91.0575,,-24.210837
14.91001701,90.2679,,-23.421237
14.92236114,88.9764,,-22.129737
14.93758798,87.538,,-20.691337
14.95155001,85.9583,,-19.111637
14.97166896,82.361,,-15.514337
14.98088217,80.1907,,-13.344037
14.99096704,77.6504,,-10.803737
15.00466895,74.9268,,-8.080137
15.018646,72.0795,,-5.232837
15.03085804,69.4045,,-2.557837
15.04695606,66.9372,,-0.090537
15.05342627,64.8485,,1.998163
15.06569695,63.1422,,3.704463
15.0784471,61.568,,5.278663
15.09425616,60.2979,,6.548763
15.10648108,57.9036,,8.943063
15.11884117,57.1498,,9.696863
15.13112211,56.6936,,10.153063
15.14349318,56.4895,,10.357163
15.15600801,56.2956,,10.551063
15.17198205,55.9938,,10.852863
15.19548798,55.8224,,11.024263
15.19667411,56.102,,10.744663
15.21317005,56.9287,,9.917963
15.22237587,57.8825,,8.964163
15.23969984,59.572,,7.274663
15.25185609,60.1371,,6.709563
15.26308823,60.7284,,6.118263
15.27761197,61.3882,,5.458463
15.28780794,62.1775,,4.669163
15.30080795,63.3302,,3.516463
15.3126111,64.5516,,2.295063
15.32765007,65.4188,,1.427863
15.33997202,65.9449,,0.901763
15.35230517,66.2131,,0.633563
15.3646121,67.087,,-0.240337
15.37702608,67.6728,,-0.826137
15.39337707,67.9045,,-1.057837
15.40552711,67.6156,,-0.768937
15.41779804,67.0904,,-0.243737
15.43124604,66.5769,,0.269763
15.44430304,66.0859,,0.760763
15.45546007,65.5029,,1.343763
15.47373319,64.7958,,2.050863
15.48795485,64.3349,,2.511763
15.496176,64.808,,2.038663
15.51314402,65.1316,,1.715063
15.52231598,65.4134,,1.433263
15.53372526,66.2108,,0.635863
15.54882097,67.5476,,-0.700937
15.56597018,68.8035,,-1.956837
15.57441401,69.536,,-2.689337
15.5857389,69.89,,-3.043337
15.59813809,70.1925,,-3.345837
15.61090398,70.5965,,-3.749837
15.62666893,71.2425,,-4.395837
15.63894296,72.8419,,-5.995237
15.65121984,73.5423,,-6.695637
15.66353106,73.7978,,-6.951137
15.675915,73.5523,,-6.705637
15.69018698,73.0735,,-6.226837
15.70461583,72.4368,,-5.590137
15.71677589,71.6339,,-4.787237
15.73108411,70.5316,,-3.684937
15.74594402,68.9366,,-2.089937
15.75589013,66.8406,,0.006063
15.77096605,62.3182,,4.528463
15.78238201,60.1295,,6.717163
15.79746294,57.7947,,9.051963
15.80694008,55.3868,,11.459863
15.819381,53.0294,,13.817263
15.83157492,50.8857,,15.960963
15.84823489,49.2302,,17.616463
15.8615129,47.7299,,19.116763
15.87252188,46.2021,,20.644563
15.88476014,44.9238,,21.922863
15.89724588,42.2758,,24.570863
15.90948915,40.7167,,26.129963
15.92575097,39.4564,,27.390263
15.93815303,38.2153,,28.631363
15.95033216,36.464,,30.382663
15.96290207,34.3007,,32.545963
15.97617197,32.1136,,34.733063
15.98809218,30.1236,,36.723063
16.00343108,28.4193,,38.427363
16.01577592,27.2386,,39.608063
16.02934289,27.1891,,39.657563
16.04045582,26.8148,,40.031863
16.05275798,26.1374,,40.709263
16.06561399,25.7728,,41.073863
16.08127785,25.3792,,41.467463
16.09389901,24.4353,,42.411363
16.10594511,23.3896,,43.457063
16.11826706,22.959,,43.887663
16.13050008,23.8476,,42.999063
16.14678407,26.263,,40.583663
16.15915704,29.5566,,37.290063
16.17145896,35.6797,,31.166963
16.18576002,37.8358,,29.010863
16.19618106,39.5866,,27.260063
16.21481609,41.0591,,25.787563
16.22476411,42.0947,,24.751963
16.23776507,42.9702,,23.876463
16.24936795,44.151,,22.695663
16.28093791,45.4946,,21.352063
16.28218222,46.8717,,19.974963
16.29993916,48.4066,,18.440063
16.30256009,51.2262,,15.620463
16.31477094,52.3425,,14.504163
16.32720709,53.4214,,13.425263
16.33940101,54.6059,,12.240763
16.35170293,56.2143,,10.632363
16.36420608,58.5844,,8.262263
16.38028789,62.2731,,4.573563
16.39258909,67.4029,,-0.556237
16.40489388,71.5495,,-4.702837
16.41718388,72.0898,,-5.243137
16.43145013,70.933,,-4.086337
16.45000815,72.9541,,-6.107437
16.45866013,77.0881,,-10.241437
16.47039509,82.0629,,-15.216237
16.48329496,86.5275,,-19.680837
16.49527812,89.143,,-22.296337
16.50762391,90.0872,,-23.240537
16.52361798,90.3349,,-23.488237
16.53866696,90.3446,,-23.497937
16.54840207,90.3759,,-23.529237
16.56552386,12.0467,,54.799963
16.58282018,88.9885,,-22.141837
16.59011197,88.3595,,-21.512837
16.60567284,87.2521,,-20.405437
16.61516905,85.1711,,-18.324437
16.63040304,82.3899,,-15.543237
16.64890909,79.2304,,-12.383737
16.65133405,76.0848,,-9.238137
16.66715217,73.2901,,-6.443437
16.67978501,70.631,,-3.784337
16.69163704,68.3279,,-1.481237
16.70383787,66.3288,,0.517863
16.71634817,64.3425,,2.504163
16.72873497,62.6523,,4.194363
16.7447648,61.2333,,5.613363
16.75710416,60.0101,,6.836563
16.76936698,59.0419,,7.804763
16.78168225,58.4338,,8.412863
16.79413509,57.831,,9.015663
16.80679798,56.8124,,10.034263
16.82703114,55.8572,,10.989463
16.83591509,55.5835,,11.263163
16.84914994,55.7296,,11.117063
16.86939812,55.5855,,11.261163
16.87234402,55.0714,,11.775263
16.88510609,54.7882,,12.058463
16.91349292,54.859,,11.987663
16.91457415,54.8773,,11.969363
16.92945409,54.9928,,11.853863
16.93751121,55.119,,11.727663
16.94976783,55.1597,,11.686963
16.96205211,56.5665,,10.280163
16.97842097,57.991,,8.855663
16.99052405,59.5029,,7.343763
17.00324821,60.593,,6.253663
17.01527715,61.0498,,5.796863
17.027596,61.2577,,5.588963
17.04397011,61.7799,,5.066763
17.05700302,62.8995,,3.947163
17.06956911,64.2911,,2.555563
17.09040523,65.6118,,1.234863
17.09801698,68.2577,,-1.411037
17.10975885,69.6682,,-2.821537
17.12205219,70.9541,,-4.107437
17.1363101,71.8207,,-4.974037
17.14628601,72.3551,,-5.508437
17.16168118,72.6651,,-5.818437
17.182019,72.9702,,-6.123537
17.18361998,73.2648,,-6.418137
17.19971991,73.3096,,-6.462937
17.21330094,72.9238,,-6.077137
17.22446704,71.1231,,-4.276437
17.23759103,70.2599,,-3.413237
17.24869299,69.5976,,-2.750937
17.26304603,69.0242,,-2.177537
17.27931595,68.5219,,-1.675237
17.28956413,68.2178,,-1.371137
17.30284119,68.14,,-1.293337
17.31416297,68.1532,,-1.306537
17.32764697,68.0661,,-1.219437
17.33884525,67.821,,-0.974337
17.35520792,67.6467,,-0.800037
17.368011,67.5846,,-0.737937
17.38118505,67.7008,,-0.854137
17.39211702,67.8656,,-1.018937
17.40594196,68.0106,,-1.163937
17.42084599,68.045,,-1.198337
17.43295503,68.2591,,-1.412437
17.45046806,68.9996,,-2.152937
17.47437906,70.0228,,-3.176137
17.48081613,70.8882,,-4.041537
17.48656416,71.4221,,-4.575437
17.49857712,72.0732,,-5.226537
17.51107311,72.1297,,-5.283037
17.52313495,72.0093,,-5.162637
17.53542614,71.6968,,-4.850137
17.54770207,71.3981,,-4.551437
17.56261396,70.9547,,-4.108037
17.57638097,70.3789,,-3.532237
17.58948207,69.403,,-2.556337
17.60296702,67.54,,-0.693337
17.61493015,64.8185,,2.028163
17.625664,58.7373,,8.109363
17.63794208,56.6794,,10.167263
17.65406108,55.3758,,11.470863
17.66661716,54.598,,12.248663
17.68012691,53.6923,,13.154363
17.69143295,52.2896,,14.557063
17.7047019,50.6846,,16.162063
17.71630096,49.124,,17.722663
17.73190022,47.4293,,19.417363
17.74634004,45.854,,20.992663
17.75745988,44.0526,,22.794063
17.76885104,42.8409,,24.005763
17.78112507,41.5332,,25.313463
17.79742908,40.3793,,26.467363
17.81308103,39.3552,,27.491463
17.82241297,38.6705,,28.176163
17.8367722,38.2287,,28.617963
17.84822202,37.74,,29.106663
17.86429906,36.7977,,30.048963
17.87581992,34.9163,,31.930363
17.8884542,32.1649,,34.681763
17.89999104,26.4189,,40.427763
17.9153862,25.0506,,41.796063
17.92547297,24.5627,,42.283963
17.93746209,24.66,,42.186663
17.95307708,24.9676,,41.879063
17.96555114,25.4816,,41.365063
17.98055696,26.2314,,40.615263
17.99036217,27.1152,,39.731463
18.00234222,28.2093,,38.637363
18.01518607,29.736,,37.110663
18.03088617,33.0226,,33.824063
18.04352522,34.6766,,32.170063
18.05551004,36.7424,,30.104263
18.06797004,39.299,,27.547663
18.08898807,41.9961,,24.850563
18.09341407,44.6483,,22.198363
18.10922384,47.3047,,19.541963
18.1215899,50.0229,,16.823763
18.13332295,52.4643,,14.382363
18.146101,54.609,,12.237663
18.15793109,57.8808,,8.965863
18.17420006,59.1235,,7.723163
18.20136905,60.1958,,6.650863
18.20245719,61.1144,,5.732263
18.21325207,61.8952,,4.951463
18.24710512,62.932,,3.914663
18.24843502,64.8036,,2.043063
18.25704598,66.9946,,-0.147937
18.26449108,69.3264,,-2.479737
18.28211808,72.0583,,-5.211637
18.29463005,75.4694,,-8.622737
18.30623412,75.1249,,-8.278237
18.31389403,74.8833,,-8.036637
18.32985806,76.0746,,-9.227937
18.34272313,78.5489,,-11.702237
18.35459399,82.0386,,-15.191937
18.36680698,85.6913,,-18.844637
18.38022017,87.6234,,-20.776737
18.39162207,87.6241,,-20.777437
18.40765524,86.8303,,-19.983637
18.41999316,86.25,,-19.403337
18.43238091,86.7645,,-19.917837
18.44639516,86.8886,,-20.041937
18.45709205,86.5253,,-19.678637
18.46926904,85.5764,,-18.729737
18.48727298,83.7043,,-16.857637
18.49968719,81.4336,,-14.586937
18.51359105,79.2015,,-12.354837
18.52342606,77.0639,,-10.217237
18.53539991,74.9391,,-8.092437
18.55107307,72.7582,,-5.911537
18.56507325,69.1127,,-2.266037
18.58611989,67.3255,,-0.478837
18.60248709,65.5505,,1.296163
18.60360003,63.8146,,3.032063
18.61854792,62.4785,,4.368163
18.63407516,61.3285,,5.518163
18.64118123,60.3116,,6.535063
18.65766811,59.6877,,7.158963
18.66577506,59.3216,,7.525063
18.67838001,58.9683,,7.878363
18.69067597,57.9341,,8.912563
18.70685101,57.6203,,9.226363
18.71909904,57.8354,,9.011263
18.73133588,58.3534,,8.493263
18.74362111,58.819,,8.027663
18.75657701,59.431,,7.415663
18.77149796,59.7479,,7.098763
18.78452706,59.6043,,7.242363
18.79686904,59.1355,,7.711163
18.80985212,58.2653,,8.581363
18.82176304,57.1208,,9.725863
18.83401322,56.8352,,10.011463
18.85141611,56.7004,,10.146263
18.86714506,56.6447,,10.201963
18.87608504,56.5303,,10.316363
18.88868618,56.4537,,10.392963
18.90248227,56.6585,,10.188163
18.91462088,57.0675,,9.779163
18.932477,57.5771,,9.269563
18.94127512,58.0855,,8.761163
18.95243406,58.4318,,8.414863
18.96481824,58.4965,,8.350163
18.97745609,58.2861,,8.560563
18.98938203,58.2565,,8.590163
19.00567698,58.5299,,8.316763
19.017946,59.3165,,7.530163
19.03048396,60.4876,,6.359063
19.04274511,62.059,,4.787663
19.05492496,63.8648,,2.981863
19.069484,65.5958,,1.250863
19.08364415,67.4213,,-0.574637
19.09755898,71.4565,,-4.609837
19.10819411,73.2502,,-6.403537
19.12050414,74.35,,-7.503337
19.13277102,74.6379,,-7.791237
19.1546061,74.2823,,-7.435637
19.16555595,73.5514,,-6.704737
19.17479801,72.6591,,-5.812437
19.18871713,71.6123,,-4.765637
19.20039105,70.451,,-3.604337
19.210531,69.1985,,-2.351837
19.22281909,66.5879,,0.258763
19.23914003,65.5301,,1.316563
19.25173903,64.9772,,1.869463
19.26412702,65.062,,1.784663
19.276052,65.7282,,1.118463
19.28847003,66.5315,,0.315163
19.30461311,67.0625,,-0.215837
19.3170681,67.2766,,-0.429937
19.33585191,67.3551,,-0.508437
19.341645,67.4561,,-0.609437
19.35417295,67.59,,-0.743337
19.36633611,67.7461,,-0.899437
19.38267422,68.0704,,-1.223737
19.395684,68.7218,,-1.875137
19.40815401,69.5136,,-2.666937
19.41942501,70.2054,,-3.358737
19.44840693,70.6413,,-3.794637
19.44968295,70.7911,,-3.944437
19.466259,70.8005,,-3.953837
19.47266984,70.8352,,-3.988537
19.48878002,70.9096,,-4.062937
19.49728799,70.767,,-3.920337
19.51666403,70.5964,,-3.749737
19.526021,70.5321,,-3.685437
19.53825712,70.4736,,-3.626937
19.55040884,70.2502,,-3.403537
19.56459212,69.8337,,-2.987037
19.57537103,69.2227,,-2.376037
19.58751607,68.6501,,-1.803437
19.60053706,68.0005,,-1.153837
19.61596799,67.1505,,-0.303837
19.62831616,64.5254,,2.321263
19.64063406,62.8445,,4.002163
19.65312886,61.1655,,5.681163
19.66523409,59.6617,,7.184963
19.68145895,58.4115,,8.435163
19.69380403,57.3838,,9.462863
19.70667315,56.6035,,10.243163
19.71841621,55.9077,,10.938963
19.73074007,55.0826,,11.764063
19.74309802,53.972,,12.874663
19.75926709,51.3437,,15.502963
19.77160907,50.2763,,16.570363
19.78393102,49.2957,,17.550963
19.79624391,48.2037,,18.642963
19.80865312,46.7253,,20.121363
19.82095504,44.9231,,21.923563
19.83711886,43.133,,23.713663
19.849401,41.6671,,25.179563
19.86182094,40.3343,,26.512363
19.87400103,39.0636,,27.783063
19.88652802,38.0069,,28.839763
19.89873719,37.8882,,28.958463
19.91496801,38.0777,,28.768963
19.92734504,38.881,,27.965663
19.93967199,39.6585,,27.188163
19.951823,40.0052,,26.841463
19.96423197,40.0288,,26.817863
19.97660708,39.4359,,27.410763
19.99289703,38.0365,,28.810163
20.00508523,36.9359,,29.910763
20.01743317,36.7433,,30.103363
20.02975106,38.1527,,28.693963
20.04204488,39.1014,,27.745263
20.05834484,39.9787,,26.867963
20.08354092,40.7278,,26.118863
20.08485603,41.353,,25.493663
20.09931207,42.0501,,24.796563
20.1150651,43.0964,,23.750263
20.12005091,44.539,,22.307663
20.14164925,46.3961,,20.450563
20.15190697,48.431,,18.415663
20.16096091,52.1441,,14.702563
20.17770791,53.2277,,13.618963
20.18636584,54.0864,,12.760263
20.19774508,55.2197,,11.626963
20.2141571,56.7939,,10.052763
20.22651696,58.3377,,8.508963
20.23856711,59.5484,,7.298263
20.25088906,60.2674,,6.579263
20.26326108,60.7919,,6.054763
20.2756021,61.4315,,5.415163
20.29173493,65.4465,,1.400163
20.30407286,67.8735,,-1.026837
20.31788301,69.2934,,-2.446737
20.33532906,69.7319,,-2.885237
20.34152102,70.1649,,-3.318237
20.35758615,71.7994,,-4.952737
20.36964917,74.9426,,-8.095937
20.38221407,78.7658,,-11.919137
20.39425826,81.5507,,-14.704037
20.4065001,82.9934,,-16.146737
20.41881299,83.3991,,-16.552437
20.43507504,83.741,,-16.894337
20.44744396,84.2664,,-17.419737
20.45987821,84.6725,,-17.825837
20.47197795,85.0121,,-18.165437
20.48440814,85.1124,,-18.265737
20.49672604,84.7312,,-17.884537
20.51293898,83.9269,,-17.080237
20.525177,83.045,,-16.198337
20.53752899,81.6973,,-14.850637
20.549891,79.8934,,-13.046737
20.5621922,76.1293,,-9.282637
20.5747242,74.918,,-8.071337
20.60182023,73.8493,,-7.002637
20.60302114,72.4795,,-5.632837
20.61965203,70.7505,,-3.903837
20.63481808,68.8146,,-1.967937
20.64788699,67.1402,,-0.293537
20.65764809,65.8328,,1.013863
20.68152285,64.6229,,2.223763
20.68630505,63.6246,,3.222063
20.69319701,61.5217,,5.324963
20.70553493,60.6369,,6.209763
20.71800709,59.8729,,6.973763
20.73018503,59.2732,,7.573463
20.74648118,58.9443,,7.902363
20.75866604,58.6374,,8.209263
20.77105904,58.4093,,8.437363
20.78333211,58.3639,,8.482763
20.79571104,58.282,,8.564663
20.81626916,58.2828,,8.563863
20.82503009,58.479,,8.367663
20.83688903,58.5605,,8.286163
20.84921908,58.601,,8.245663
20.86123705,58.6147,,8.231963
20.87351608,58.6437,,8.202963
20.88983393,58.7598,,8.086863
20.90204,58.8095,,8.037163
20.91443086,58.6035,,8.243163
20.92674088,58.3932,,8.453463
20.93905401,58.4118,,8.434863
20.95131207,58.6557,,8.190963
20.96752501,58.7316,,8.115063
20.97989511,58.8749,,7.971763
20.99222922,58.9438,,7.902863
21.00455284,58.8953,,7.951363
21.01683712,58.8948,,7.951863
21.02918506,58.9069,,7.939763
21.04541421,58.9371,,7.909563
21.05769396,59.0191,,7.827563
21.06998301,58.981,,7.865663
21.08245015,58.6672,,8.179463
21.09460402,57.5837,,9.262963
21.10687399,57.2081,,9.638563
21.123209,57.02,,9.826663
21.13554406,57.0318,,9.814863
21.14818192,57.1514,,9.695263
21.16033411,57.6586,,9.188063
21.17240596,58.589,,8.257663
21.18877411,59.6765,,7.170163
21.20103693,60.6561,,6.190563
21.21338487,61.3168,,5.529863
21.22566819,61.4231,,5.423563
21.23801208,61.3031,,5.543563
21.25026989,61.5194,,5.327263
21.26657414,62.2643,,4.582363
21.27887201,63.3567,,3.489963
21.2911222,64.9102,,1.936463
21.30352402,66.9046,,-0.057937
21.31582093,69.088,,-2.241337
21.32818007,71.3122,,-4.465537
21.34445596,73.2781,,-6.431437
21.35666394,75.3412,,-8.494537
21.36932302,75.2348,,-8.388137
21.38150811,74.4171,,-7.570437
21.39366603,72.9369,,-6.090237
21.405972,71.3294,,-4.482737
21.42242312,70.0513,,-3.204637
21.43448019,68.9675,,-2.120837
21.45667505,67.9052,,-1.058537
21.46554708,66.8959,,-0.049237
21.47302008,65.8587,,0.987963
21.48881817,64.8694,,1.977263
21.50377011,63.6568,,3.189863
21.51269507,63.8009,,3.045763
21.52468204,64.4955,,2.351163
21.53691912,65.5238,,1.322863
21.54925418,66.6088,,0.237863
21.56927896,67.4391,,-0.592437
21.57791114,67.9238,,-1.077137
21.59098005,68.1311,,-1.284437
21.60242987,68.2018,,-1.355137
21.61541605,68.2743,,-1.427637
21.62716413,68.5475,,-1.700837
21.64339209,68.7744,,-1.927737
21.65569806,69.1207,,-2.274037
21.66800404,69.548,,-2.701337
21.68035913,69.7521,,-2.905437
21.69263005,69.6498,,-2.803137
21.70496726,69.3099,,-2.463237
21.72118902,69.0314,,-2.184737
21.73345399,69.096,,-2.249337
21.74591303,69.3552,,-2.508537
21.75827909,69.7274,,-2.880737
21.77048397,69.9453,,-3.098637
21.78294921,70.1245,,-3.277837
21.79903316,70.1787,,-3.332037
21.81131792,70.0405,,-3.193837
21.82832408,69.5809,,-2.734237
21.83677101,68.8918,,-2.045137
21.84832907,68.1083,,-1.261637
21.86059594,67.2979,,-0.451237
21.87740517,66.5706,,0.276063
21.88915825,64.6004,,2.246263
21.90202212,63.0595,,3.787163
21.91381717,61.0082,,5.838463
21.92622685,58.3893,,8.457363
21.94233799,55.7414,,11.105263
21.95468593,53.5803,,13.266363
21.96701407,51.9798,,14.866863
21.97932696,50.7912,,16.055463
21.99162316,49.7465,,17.100163
22.0042119,48.5332,,18.313463
22.02015996,46.9842,,19.862463
22.03251004,44.3928,,22.453863
22.04487801,43.2219,,23.624763
22.05714417,42.3371,,24.509563
22.06936908,41.8644,,24.982263
22.08167195,41.44,,25.406663
22.09839296,41.0013,,25.845363
22.11038113,40.9917,,25.854963
22.12260199,41.234,,25.612663
22.13495708,41.3296,,25.517063
22.14788413,41.2617,,25.584963
22.15948892,40.384,,26.462663
22.17579603,39.5314,,27.315263
22.18810225,38.1936,,28.653063
22.20041895,36.4173,,30.429363
22.21281195,34.7647,,32.081963
22.22511411,33.62,,33.226663
22.23739696,32.6757,,34.170963
22.25361824,31.5901,,35.256563
22.26596904,31.0115,,35.835163
22.27833009,31.6446,,35.202063
22.29066491,35.3148,,31.531863
22.30305314,37.1506,,29.696063
22.32725286,38.624,,28.222663
22.33488894,39.7215,,27.125163
22.34666204,40.3217,,26.524963
22.35610223,40.6596,,26.187063
22.36897898,41.0664,,25.780263
22.38081098,41.7661,,25.080563
22.39698601,42.7462,,24.100463
22.40927505,43.7908,,23.055863
22.42173409,45.7366,,21.110063
22.43395209,46.5882,,20.258463
22.446383,47.5083,,19.338363
22.45858812,48.7044,,18.142263
22.474998,50.2205,,16.626163
22.48790288,52.1195,,14.727163
22.49945807,54.1777,,12.668963
22.51185107,56.1031,,10.743563
22.5240922,57.7184,,9.128263
22.53641796,58.8354,,8.011263
22.55263901,59.3877,,7.458963
22.56496787,60.9091,,5.937563
22.57726097,62.4848,,4.361863
22.58959413,64.5124,,2.334263
22.60211515,66.9162,,-0.069537
22.61826396,69.6767,,-2.830037
22.63047409,72.4077,,-5.561037
22.64277411,74.7956,,-7.948937
22.65512919,77.0687,,-10.222037
22.6673789,79.2814,,-12.434737
22.67975307,80.9747,,-14.128037
22.69599009,82.8305,,-15.983837
22.70830011,83.3656,,-16.518937
22.72058487,83.8039,,-16.957237
22.73293114,84.1669,,-17.320237
22.74525523,84.3079,,-17.461237
22.75755596,84.0195,,-17.172837
22.77382183,83.1874,,-16.340737
22.78609109,81.812,,-14.965337
22.79844618,79.946,,-13.099337
22.8106811,77.9931,,-11.146437
22.82305884,74.6291,,-7.782437
22.83538985,73.249,,-6.402337
22.85163116,72.1143,,-5.267637
22.86390805,71.3636,,-4.516937
22.87626505,70.6383,,-3.791637
22.88857222,69.7982,,-2.951537
22.90490913,68.9696,,-2.122937
22.91333699,67.9585,,-1.111837
22.92947602,66.7362,,0.110463
22.94181395,65.4827,,1.363963
22.95410705,63.91,,2.936663
22.96641397,63.5315,,3.315163
22.97886896,63.1891,,3.657563
22.99495292,62.8587,,3.987963
23.00732017,62.5222,,4.324463
23.01966095,62.1059,,4.740763
23.04240298,61.6795,,5.167163
23.052037,61.227,,5.619663
23.05672908,60.7447,,6.101963
23.07281613,60.2701,,6.576563
23.08507109,59.8972,,6.949463
23.0974772,59.6342,,7.212463
23.10969281,59.7343,,7.112363
23.12204003,59.6077,,7.238963
23.13439894,59.2131,,7.633563
23.15062404,58.7907,,8.055963
23.16291714,58.4427,,8.403963
23.17523909,58.2059,,8.640763
23.18750405,58.0479,,8.798763
23.20476222,58.0221,,8.824563
23.21370316,58.2029,,8.643763
23.2325592,59.0257,,7.820963
23.24386311,59.5073,,7.339363
23.25741601,60.0403,,6.806363
23.26768613,60.603,,6.243663
23.27773404,61.1755,,5.671163
23.29000807,61.7032,,5.143463
23.308851,62.1655,,4.681163
23.3191421,62.3917,,4.454963
23.330935,62.1283,,4.718363
23.34333706,61.3923,,5.454363
23.35662317,59.3459,,7.500763
23.37180996,58.2945,,8.552163
23.38432789,57.3457,,9.500963
23.3969059,56.6671,,10.179563
23.4087081,56.1799,,10.666763
23.42105222,55.6425,,11.204163
23.43357992,55.0015,,11.845163
23.45125818,54.1675,,12.679163
23.46656299,53.3146,,13.532063
23.47588396,52.6537,,14.192963
23.48983693,51.618,,15.228663
23.49929309,50.7942,,16.052463
23.51130795,49.8408,,17.005863
23.527421,48.9814,,17.865263
23.53972292,48.3879,,18.458763
23.55212426,48.1205,,18.726163
23.56446624,48.1994,,18.647263
23.57803321,48.5781,,18.268563
23.58939409,49.1795,,17.667163
23.60523486,49.8091,,17.037563
23.61827397,50.3284,,16.518263
23.63110805,51.6587,,15.187963
23.64265323,52.6712,,14.175463
23.65533304,53.7981,,13.048563
23.68560719,54.961,,11.885663
23.68774295,56.1065,,10.740163
23.70009017,57.2303,,9.616363
23.70784211,58.2862,,8.560463
23.72017503,59.2352,,7.611463
23.73227906,59.9897,,6.856963
23.748631,60.4512,,6.395463
23.760885,60.8805,,5.966163
23.77342796,61.2815,,5.565163
23.78560901,61.9177,,4.928963
23.79801798,62.7666,,4.080063
23.81010985,63.7872,,3.059463
23.82738209,64.9284,,1.918263
23.84010005,66.0452,,0.801463
23.85164118,66.9531,,-0.106437
23.86532497,67.6298,,-0.783137
23.875705,68.1605,,-1.313837
23.88812017,68.7834,,-1.936737
23.9044652,68.8831,,-2.036437
23.91673303,68.9554,,-2.108737
23.93253803,69.186,,-2.339337
23.94959092,69.5752,,-2.728537
23.95416498,69.9128,,-3.066137
23.96626902,69.9896,,-3.142937
23.98206902,69.727,,-2.880337
23.99440789,69.1369,,-2.290237
24.00673985,68.3282,,-1.481537
24.01897383,67.1854,,-0.338737
24.03132701,67.0806,,-0.233937
24.04361391,67.2224,,-0.375737
24.05989289,67.5262,,-0.679537
24.07216716,67.8958,,-1.049137
24.08460307,68.2139,,-1.367237
24.10257602,68.3731,,-1.526437
24.10917091,68.3214,,-1.474737
24.13981891,68.0876,,-1.240937
24.1408751,67.7184,,-0.871737
24.16161609,67.3596,,-0.512937
24.17833805,67.3388,,-0.492137
24.19635606,67.7022,,-0.855537
24.20030689,68.1217,,-1.275037
24.20361018,68.433,,-1.586337
24.216043,68.68,,-1.833337
24.22841287,68.8719,,-2.025237
24.24019408,68.9992,,-2.152537
24.25246215,69.0095,,-2.162837
24.265872,68.9378,,-2.091137
24.28106499,68.853,,-2.006337
24.29349494,68.7606,,-1.913937
24.30564904,68.8514,,-2.004737
24.3180232,69.0168,,-2.170137
24.33655286,69.17,,-2.323337
24.34286785,69.2596,,-2.412937
24.35997009,69.2317,,-2.385037
24.37199998,69.1997,,-2.353037
24.38591504,69.1937,,-2.347037
24.40640211,69.1986,,-2.351937
24.40823293,69.1969,,-2.350237
24.44035816,69.0196,,-2.172937
24.442137,68.7844,,-1.937737
24.45530391,68.4233,,-1.576637
24.46953702,67.8821,,-1.035437
24.47494292,67.135,,-0.288337
24.48611999,66.311,,0.535663
24.50222111,65.6111,,1.235563
24.51456523,65.1127,,1.733963
24.52691722,64.7365,,2.110163
24.53922296,64.3135,,2.533163
24.55140495,63.3293,,3.517363
24.5638032,62.8406,,4.006063
24.58498096,62.2689,,4.577763
24.59495306,61.5922,,5.254463
24.60475111,60.9185,,5.928163
24.61861205,60.3642,,6.482463
24.63633895,60.0088,,6.837863
24.64314222,59.757,,7.089663
24.65949202,59.4563,,7.390363
24.67031121,59.06,,7.786663
24.68362212,58.7001,,8.146563
24.70189309,58.1773,,8.669363
24.70716596,58.0699,,8.776763
24.72039008,58.1766,,8.670063
24.73748612,58.4625,,8.384163
24.7645092,58.7814,,8.065263
24.76554704,58.9645,,7.882163
24.78584218,58.9037,,7.942963
24.78692412,58.6135,,8.233163
24.79798007,58.3098,,8.536863
24.81429696,58.136,,8.710663
24.82592106,57.6932,,9.153463
24.83836913,57.3357,,9.510963
24.85051894,56.8211,,10.025563
24.86292815,56.0797,,10.766963
24.87915421,55.1548,,11.691863
24.89134908,54.1799,,12.666763
24.90366006,53.3305,,13.516163
24.91633821,52.6458,,14.200863
24.92838907,52.1445,,14.702163
24.94067502,51.8003,,15.046363
24.95691705,51.3252,,15.521463
24.98265219,50.9596,,15.887063
24.98378491,50.3823,,16.464363
24.9939971,49.8648,,16.981863
25.00673199,49.43,,17.416663
25.02054715,49.0595,,17.787163
25.037112,48.6467,,18.199963
25.05026197,48.2591,,18.587563
25.06905222,47.9143,,18.932363
25.07170415,47.5513,,19.295363
25.08431196,46.4899,,20.356763
25.09650826,46.1639,,20.682763
25.11255908,46.2128,,20.633863
25.12524605,46.605,,20.241663
25.13713503,47.3481,,19.498563
25.14948606,48.417,,18.429663
25.16176987,49.6305,,17.216163
25.17407417,50.8507,,15.995963
25.19034386,51.9587,,14.887963
25.23305011,52.9501,,13.896563
25.23704696,53.8741,,12.972563
25.23798394,55.6342,,11.212463
25.2701602,56.6201,,10.226563
25.27171087,57.5788,,9.267863
25.27267408,58.4417,,8.404963
25.29590917,59.2564,,7.590263
25.30741405,60.083,,6.763663
25.30869007,61.0587,,5.787963
25.32122111,61.9668,,4.879863
25.33656693,62.6413,,4.205363
25.34694815,63.0631,,3.783563
25.36120296,63.8062,,3.040463
25.37079597,64.4989,,2.347763
25.38713908,65.4665,,1.380163
25.39994812,66.7637,,0.082963
25.41200399,68.2348,,-1.388137
25.42379594,69.4678,,-2.621137
25.43616605,70.2464,,-3.399737
25.44956589,70.4887,,-3.642037
25.46082091,70.293,,-3.446337
25.475811,70.0208,,-3.174137
25.49053216,70.1893,,-3.342637
25.5017941,70.599,,-3.752337
25.51410508,70.9695,,-4.122837
25.52633214,71.0717,,-4.225037
25.53864598,70.7728,,-3.926137
25.55096602,70.1335,,-3.286837
25.56720209,69.3506,,-2.503937
25.58320785,68.481,,-1.634337
25.59178209,67.7064,,-0.859737
25.60415006,67.2432,,-0.396537
25.61718607,67.3353,,-0.488637
25.63273406,67.7143,,-0.867637
25.64504123,68.0609,,-1.214237
25.65735006,68.2574,,-1.410737
25.66965508,68.1156,,-1.268937
25.68204689,67.7022,,-0.855537
25.69417691,67.2243,,-0.377637
25.71045399,66.8653,,-0.018637
25.72280288,66.7522,,0.094463
25.73518014,66.8079,,0.038763
25.7481091,66.8294,,0.017263
25.76089501,66.5918,,0.254863
25.77207398,66.5138,,0.332863
25.78829908,66.5429,,0.303763
25.80063415,66.7275,,0.119163
25.81358314,67.0445,,-0.197837
25.82529211,67.4092,,-0.562537
25.83749914,67.651,,-0.804337
25.84991002,67.7452,,-0.898537
25.86614299,67.7623,,-0.915637
25.87847304,67.7701,,-0.923437
25.89077497,67.4876,,-0.640937
25.90310812,67.1685,,-0.321837
25.91546011,66.7892,,0.057463
25.92800617,66.3552,,0.491463
25.94410324,65.9232,,0.923463
25.95654392,65.5298,,1.316863
25.97006321,65.2565,,1.590163
25.98586798,65.0888,,1.757863
26.00637698,64.945,,1.901663
26.00987482,64.7932,,2.053463
26.02344012,64.0159,,2.830763
26.0380652,63.4458,,3.400863
26.05689597,62.7401,,4.106563
26.07705712,61.9529,,4.893763
26.07809901,61.1918,,5.654863
26.09090614,60.5707,,6.275963
26.099648,60.1639,,6.682763
26.11194801,59.9673,,6.879363
26.12425327,59.9155,,6.931163
26.1365571,59.9255,,6.921163
26.14954996,59.8506,,6.996063
26.16512609,59.8155,,7.031163
26.17743206,59.8853,,6.961363
26.19011188,60.1036,,6.743063
26.20225,60.4084,,6.438263
26.21658707,60.7259,,6.120763
26.22690201,60.8965,,5.950163
26.24997616,60.8124,,6.034263
26.25541019,60.4423,,6.404363
26.26937604,59.848,,6.998663
26.28003311,59.0497,,7.796963
26.30143785,57.2072,,9.639463
26.30532598,56.3732,,10.473463
26.32552385,55.6207,,11.225963
26.33404899,54.8457,,12.000963
26.34557891,54.1146,,12.732063
26.36208415,53.5004,,13.346263
26.37012196,52.8455,,14.001163
26.38671517,52.0709,,14.775763
26.3988049,51.2723,,15.574363
26.41097307,50.395,,16.451663
26.42323709,48.1074,,18.739263
26.43578911,46.7809,,20.065763
26.44819498,45.4582,,21.388463
26.46839905,44.1902,,22.656463
26.47861409,43.0233,,23.823363
26.48983002,42.0646,,24.782063
26.50111198,41.4069,,25.439763
26.51343894,41.0512,,25.795463
26.52575302,40.9256,,25.921063
26.54194903,40.907,,25.939663
26.55423093,41.1101,,25.736563
26.56711197,41.2806,,25.566063
26.57892919,41.4962,,25.350463
26.59288216,41.8133,,25.033363
26.60411811,42.2363,,24.610363
26.61978006,42.7907,,24.055963
26.63235927,43.3898,,23.456863
26.64453506,44.1271,,22.719563
26.65677094,44.9678,,21.878863
26.66901088,45.7821,,21.064563
26.68157101,46.5716,,20.275063
26.69772911,48.1895,,18.657163
26.70988417,49.1337,,17.712963
26.72225904,50.196,,16.650663
26.73464394,51.2641,,15.582563
26.7469511,52.3377,,14.508963
26.76305985,53.3232,,13.523463
26.77544808,54.1601,,12.686563
26.78771305,54.9057,,11.940963
26.80075002,55.6081,,11.238563
26.81230211,56.3395,,10.507163
26.82470393,57.664,,9.182663
26.841887,58.1758,,8.670863
26.85362291,58.6262,,8.220463
26.86864901,59.01,,7.836663
26.87816215,59.2905,,7.556163
26.89084101,59.5419,,7.304763
26.90284586,59.7411,,7.105563
26.92273712,59.803,,7.043663
26.93656898,59.7421,,7.104563
26.94359016,59.6938,,7.152863
26.95612097,60.1365,,6.710163
26.97014022,60.6004,,6.246263
26.98033905,61.1283,,5.718363
26.99664092,61.678,,5.168663
27.00890398,62.1016,,4.745063
27.02136397,62.4085,,4.438163
27.03411198,62.7259,,4.120763
27.04584122,63.2128,,3.633863
27.05810499,63.881,,2.965663
27.07441306,64.6029,,2.243763
27.08789802,65.7322,,1.114463
27.10065818,66.1156,,0.731063
27.11301208,66.3592,,0.487463
27.12524319,66.696,,0.150663
27.14095306,67.1992,,-0.352537
27.15701509,67.7882,,-0.941537
27.17418599,68.3755,,-1.528837
27.18636012,68.8291,,-1.982437
27.19014096,69.1478,,-2.301137
27.20219421,69.3356,,-2.488937
27.21773696,69.3541,,-2.507437
27.23007417,68.603,,-1.756337
27.24240708,68.0432,,-1.196537
27.25463915,67.4496,,-0.602937
27.26702785,66.795,,0.051663
27.27922893,66.2454,,0.601263
27.29555821,66.0033,,0.843363
27.3078351,66.1468,,0.699863
27.3201921,66.5069,,0.339763
27.33277321,66.8805,,-0.033837
27.34510422,67.2033,,-0.356637
27.3579421,67.6789,,-0.832237
27.37656713,67.9232,,-1.076537
27.38906908,68.1961,,-1.349437
27.40565205,68.408,,-1.561337
27.41035914,68.6081,,-1.761437
27.44539905,68.8975,,-2.050837
27.44657826,69.2798,,-2.433137
27.45589018,69.5765,,-2.729837
27.46484303,69.7126,,-2.865937
27.47582698,69.7675,,-2.920837
27.48810792,69.7356,,-2.888937
27.50186586,69.5403,,-2.693637
27.51676893,69.3396,,-2.492937
27.52953815,69.1853,,-2.338637
27.54131103,69.005,,-2.158337
27.55368018,68.8467,,-2.000037
27.56613803,68.7725,,-1.925837
27.57830024,68.8652,,-2.018537
27.59463906,69.0944,,-2.247737
27.61149907,69.3235,,-2.476837
27.61984301,69.4587,,-2.612037
27.63457823,69.3615,,-2.514837
27.64389706,69.0195,,-2.172837
27.65678787,68.4978,,-1.651137
27.677881,67.9046,,-1.057937
27.68507218,67.2793,,-0.432637
27.70363903,66.75,,0.096663
27.70936704,66.3356,,0.511063
27.7221539,65.989,,0.857663
27.73422623,65.6423,,1.204363
27.75021219,65.2545,,1.592163
27.7625351,64.3345,,2.512163
27.77484488,63.788,,3.058663
27.7871139,63.261,,3.585663
27.79940295,62.8958,,3.950863
27.81187296,62.7434,,4.103263
27.82806301,62.7595,,4.087163
27.84040117,62.7728,,4.073863
27.85367393,62.7042,,4.142463
27.87111592,62.6148,,4.231863
27.8896172,62.5196,,4.327063
27.90519404,61.9775,,4.869163
27.90638518,61.7145,,5.132163
27.93804097,61.5385,,5.308163
27.94659495,61.3346,,5.512063
27.9480052,61.0993,,5.747363
27.95805311,61.0105,,5.836163
27.97136521,61.2107,,5.635963
27.98368406,61.541,,5.305663
27.99601316,61.8045,,5.042163
28.00841904,62.0035,,4.843163
28.02064896,62.5496,,4.297063
28.03308105,62.8494,,3.997263
28.04925418,63.0128,,3.833863
28.06153488,63.0272,,3.819463
28.07377315,62.8302,,4.016463
28.08868194,62.5261,,4.320563
28.10021019,62.1914,,4.655263
28.11967301,61.9443,,4.902363
28.12704802,61.7993,,5.047363
28.14013004,61.791,,5.055663
28.15261793,62.0378,,4.808863
28.16775012,61.8259,,5.020763
28.18648815,61.3273,,5.519363
28.18907595,60.7615,,6.085163
28.20501804,60.2055,,6.641163
28.21868014,59.703,,7.143663
28.22950101,59.2356,,7.611063
28.2417872,58.8737,,7.972963
28.25415707,58.7385,,8.108163
28.27030611,58.8193,,8.027363
28.28268099,58.8845,,7.962163
28.29502702,58.4251,,8.421563
28.30727506,58.1585,,8.688163
28.3212049,57.9889,,8.857763
28.33206296,57.7235,,9.123163
28.34837008,57.3148,,9.531863
28.36058211,56.7425,,10.104163
28.37277317,56.0555,,10.791163
28.38518023,55.3632,,11.483463
28.39750004,54.7201,,12.126563
28.40979099,54.2225,,12.624163
28.425982,53.3572,,13.489463
28.43834019,52.869,,13.977663
28.45114207,52.3185,,14.528163
28.46306205,51.8321,,15.014563
28.47781014,51.4842,,15.362463
28.48765516,51.2713,,15.575363
28.50396895,51.1579,,15.688763
28.51836014,51.1012,,15.745463
28.53186607,51.037,,15.809663
28.54145503,50.9864,,15.860263
28.553442,50.9117,,15.934963
28.56885719,50.9379,,15.908763
28.58462214,51.0041,,15.842563
28.59420896,51.1727,,15.673963
28.606318,51.4637,,15.382963
28.61861801,51.8508,,14.995863
28.63093305,52.2406,,14.606063
28.64713383,52.5803,,14.266363
28.65952992,52.838,,14.008663
28.67185616,53.0803,,13.766363
28.68421912,53.6731,,13.173563
28.69645524,53.9694,,12.877263
28.70872498,54.2036,,12.643063
28.72513723,54.4358,,12.410863
28.73759604,54.7167,,12.129963
28.76252508,55.0392,,11.807463
28.7732811,55.3502,,11.496463
28.77711415,55.651,,11.195663
28.79053688,55.9531,,10.893563
28.80372,56.221,,10.625663
28.82106495,56.5465,,10.300163
28.82764697,57.3855,,9.461163
28.83977604,57.8123,,9.034363
28.85275698,58.1169,,8.729763
28.86448193,58.3215,,8.525163
28.88615012,58.4726,,8.374063
28.8939631,58.6422,,8.204463
28.90557528,58.8701,,7.976563
28.91986203,59.1654,,7.681263
28.92990994,59.5172,,7.329463
28.9422431,59.8664,,6.980263
28.95851207,60.3814,,6.465263
28.97100592,60.6159,,6.230763
28.98551393,60.9267,,5.919963
28.9980371,61.2302,,5.616463
29.00774813,61.4825,,5.364163
29.02397799,61.6417,,5.204963
29.03661799,61.8396,,5.007063
29.04859114,62.0849,,4.761763
29.06112003,62.3832,,4.463463
29.07321119,62.78,,4.066663
29.08559513,63.7857,,3.060963
29.10402417,64.3446,,2.502063
29.11414003,64.9356,,1.911063
29.12751007,65.586,,1.260663
29.13869905,66.3294,,0.517263
29.15118313,67.167,,-0.320337
29.16343188,67.8324,,-0.985737
29.17971611,68.2777,,-1.431037
29.19193792,68.6335,,-1.786837
29.20440221,68.9559,,-2.109237
29.21658802,69.4581,,-2.611437
29.22895408,69.5965,,-2.749837
29.24124312,69.6248,,-2.778137
29.25746822,69.5064,,-2.659737
29.26978612,69.374,,-2.527337
29.28209901,69.3312,,-2.484537
29.29435897,69.4479,,-2.601237
29.30688715,69.7148,,-2.868137
29.31910205,70.0107,,-3.164037
29.33529019,70.1873,,-3.340637
29.34763694,70.074,,-3.227337
29.35984802,69.2016,,-2.354937
29.37218308,68.7218,,-1.875137
29.38451815,68.1746,,-1.327937
29.40104294,67.625,,-0.778337
29.41308522,67.2838,,-0.437137
29.42710614,67.1733,,-0.326637
29.43769598,67.1933,,-0.346637
29.45006108,67.2582,,-0.411537
29.46238422,67.4107,,-0.564037
29.47859597,67.6877,,-0.841037
29.49258018,68.1959,,-1.349237
29.50333309,68.2127,,-1.366037
29.51870012,68.1137,,-1.267037
29.52788401,67.9715,,-1.124837
29.54126,67.8024,,-0.955737
29.55657125,67.5102,,-0.663537
29.56918716,67.1562,,-0.309537
29.58135104,66.8376,,0.009063
29.59339118,66.6768,,0.169863
29.60694027,66.7924,,0.054263
29.61927915,67.7629,,-0.916237
29.63455892,68.1665,,-1.319837
29.64661598,68.4373,,-1.590637
29.65893292,68.6058,,-1.759137
29.67126393,68.7256,,-1.878937
29.68359613,68.8773,,-2.030637
29.69584298,68.9581,,-2.111437
29.71207595,68.8157,,-1.969037
29.72448993,68.463,,-1.616337
29.73690319,67.9409,,-1.094237
29.74935818,66.685,,0.161663
29.7621181,66.0671,,0.779563
29.7776041,65.477,,1.369663
29.78997493,65.0235,,1.823163
29.80225706,64.7391,,2.107563
29.81459808,64.5904,,2.256263
29.82688212,64.6041,,2.242563
29.83920789,64.6465,,2.200163
29.85542202,64.615,,2.231663
29.86793709,64.3587,,2.487963
29.88006902,63.7645,,3.082163
29.89233398,62.105,,4.741663
29.90471005,61.4119,,5.434763
29.91752911,60.839,,6.007663
29.93340206,60.3527,,6.493963
29.94561815,60.0177,,6.828963
29.95791888,59.788,,7.058663
29.97349405,59.572,,7.274663
29.99834323,59.3994,,7.447263
30.00262403,59.3017,,7.544963
30.01600099,59.2212,,7.625463
30.03202605,58.9426,,7.904063
30.03851318,58.7788,,8.067863
30.04809713,58.7059,,8.140763
30.0643189,58.8213,,8.025363
30.0737021,59.1492,,7.697463
30.08893991,59.6271,,7.219563
30.1043961,60.1809,,6.665763
30.11357307,60.7398,,6.106863
30.1269691,61.0922,,5.754463
30.1382091,61.1674,,5.679263
30.1552,60.5715,,6.275163
30.16759181,60.0674,,6.779263
30.17912292,59.4551,,7.391563
30.19139194,58.7685,,8.078163
30.20371914,58.1043,,8.742363
30.22371507,57.4741,,9.372563
30.23268819,56.9152,,9.931463
30.24831104,56.4663,,10.380363
30.25693893,56.0787,,10.767963
30.26949406,55.686,,11.160663
30.2871511,54.6063,,12.240363
30.29595304,53.819,,13.027663
30.31163692,52.8999,,13.946763
30.32452393,51.8911,,14.955563
30.33856893,50.8711,,15.975563
30.34798098,49.9396,,16.907063
30.35936522,49.1383,,17.708363
30.3717072,48.4793,,18.367363
30.38920808,47.962,,18.884663
30.40023899,47.572,,19.274663
30.41258383,47.3546,,19.492063
30.42514896,46.5879,,20.258763
30.43733406,45.9646,,20.882063
30.44954705,45.2591,,21.587563
30.46571326,44.3438,,22.502863
30.48342299,43.2422,,23.604463
30.49033499,42.0734,,24.773263
30.51465797,40.9635,,25.883163
30.52126694,40.0401,,26.806563
30.53660703,39.4045,,27.442163
30.54871297,39.1459,,27.700763
30.55749297,40.1177,,26.728963
30.57119989,41.2308,,25.615863
30.58073997,42.6273,,24.219363
30.59514117,44.1112,,22.735463
30.60946107,45.6037,,21.242963
30.62152505,47.0474,,19.799263
30.63413024,48.3101,,18.536563
30.64604211,49.2994,,17.547263
30.6626339,50.0317,,16.814963
30.67138314,50.5938,,16.252863
30.68691516,51.7577,,15.088963
30.69974494,52.3679,,14.478763
30.71151614,52.8825,,13.964163
30.72388601,53.2642,,13.582463
30.73611903,53.5959,,13.250763
30.74851298,53.9162,,12.930463
30.76674604,54.2358,,12.610863
30.77698612,54.492,,12.354663
30.78937387,54.5742,,12.272463
30.80180407,54.4378,,12.408863
30.81397915,53.7035,,13.143163
30.8262682,53.184,,13.662663
30.84328222,52.5902,,14.256463
30.85497499,51.9262,,14.920463
30.87485313,51.2941,,15.552563
30.87955999,50.6837,,16.162963
30.89216208,50.1381,,16.708563
30.90807295,49.6236,,17.223063
30.92053819,49.0739,,17.772763
30.93266106,48.4332,,18.413463
30.94495702,47.748,,19.098663
30.95733309,46.3672,,20.479463
30.96965408,45.8313,,21.015363
30.98585391,45.4272,,21.419463
30.99819207,45.0305,,21.816163
31.01044703,44.6345,,22.212163
31.0228281,44.2772,,22.569463
31.03524303,43.9545,,22.892163
31.04737711,43.6458,,23.200863
31.06367993,43.3891,,23.457563
31.0760181,43.1699,,23.676763
31.08828592,42.7762,,24.070463
31.10065413,42.6776,,24.169063
31.11299396,42.7493,,24.097363
31.12559199,42.9444,,23.902263
31.14152217,43.2639,,23.582763
31.15402222,43.5905,,23.256163
31.16618109,43.8817,,22.964963
31.17844391,44.1199,,22.726763
31.19081903,44.3425,,22.504163
31.20353889,44.5761,,22.270563
31.2196579,45.4676,,21.379063
31.2316761,46.176,,20.670663
31.24452305,47.0333,,19.813363
31.25640607,47.8922,,18.954463
31.2702179,48.7537,,18.092963
31.28614593,49.5943,,17.252363
31.29727793,50.3581,,16.488563
31.30986118,50.9842,,15.862463
31.32181096,51.5287,,15.317963
31.33416295,52.0515,,14.795163
31.34656906,53.1285,,13.718163
31.36265397,53.651,,13.195663
31.37500525,54.1561,,12.690563
31.38733315,54.4955,,12.351163
31.39984608,54.6391,,12.207563
31.411865,54.5708,,12.275863
31.42421603,54.4373,,12.409363
31.44052505,54.3894,,12.457263
31.4530611,54.4641,,12.382563
31.46515298,54.2606,,12.586063
31.47825503,53.7122,,13.134463
31.49001694,52.2318,,14.614863
31.50212598,51.6574,,15.189263
31.51836205,51.3151,,15.531563
31.53068495,51.3021,,15.544563
31.54352212,51.5162,,15.330463
31.55532694,51.9049,,14.941763
31.56762218,52.4777,,14.368963
31.58004904,53.1373,,13.709363
31.59616995,53.7316,,13.115063
31.60907412,54.2319,,12.614763
31.62126899,54.9844,,11.862263
31.63331699,55.3606,,11.486063
31.64613295,55.6442,,11.202463
31.66162825,55.7023,,11.144363
31.67422628,55.6165,,11.230163
31.68637514,55.381,,11.465663
31.69860911,54.9803,,11.866363
31.71098399,54.4944,,12.352263
31.72330403,53.9367,,12.909963
31.73946214,53.286,,13.560663
31.75184512,52.3848,,14.461863
31.76415682,52.641,,14.205663
31.77639604,53.29,,13.556663
31.78889799,54.1164,,12.730263
31.80120611,54.863,,11.983663
31.81752801,55.3039,,11.542763
31.82960987,55.4888,,11.357863
31.842031,55.5143,,11.332363
31.85432124,55.6867,,11.159963
31.86912107,56.1487,,10.697963
31.88088489,57.4754,,9.371263
31.89515901,58.2453,,8.601363
31.90745902,58.8266,,8.020063
31.91979218,59.2119,,7.634763
31.93205905,59.5349,,7.311763
31.94442797,59.8667,,6.979963
31.9566772,60.072,,6.774663
31.97305489,60.1942,,6.652463
31.98531818,60.3756,,6.471063
31.99757004,60.519,,6.327663
32.01010895,60.6336,,6.213063
32.02228498,60.7109,,6.135763
32.03847408,60.6178,,6.228863
32.05083203,60.5529,,6.293763
32.06313396,60.5055,,6.341163
32.07551312,60.6571,,6.189563
32.08779407,61.1465,,5.700163
32.10037017,61.7689,,5.077763
32.12005401,62.5075,,4.339163
32.12861204,63.3873,,3.459363
32.14130807,64.3825,,2.464163
32.15370893,66.511,,0.335663
32.16648507,67.297,,-0.450337
32.17798018,67.6286,,-0.781937
32.1980269,67.4133,,-0.566637
32.20844316,66.4806,,0.366063
32.21939087,64.7009,,2.145763
32.23113489,62.1429,,4.703763
32.24462795,58.9968,,7.849863
32.25581789,55.5055,,11.341163
32.27494502,51.8674,,14.979263
32.28428411,44.8839,,21.962763
32.29658699,41.491,,25.355663
32.30888915,37.9838,,28.862863
32.32117295,34.4229,,32.423763
32.33369303,30.7472,,36.099463
32.34978414,26.8544,,39.992263
32.36217117,22.7041,,44.142563
32.37457705,18.4368,,48.409863
32.38682389,14.2605,,52.586163
32.39906192,10.6925,,56.154163
32.41138506,5.839,,61.007663
32.42759204,4.0896,,62.757063
32.43991113,2.844,,64.002663
32.45222402,1.9132,,64.933463
32.46503901,1.2247,,65.621963
32.47682619,1.0346,,65.812063
32.48917103,0.9942,,65.852463
32.50185204,0.8518,,65.994863
32.51378608,0.735,,66.111663
32.52596498,0.6632,,66.183463
32.54226804,0.6023,,66.244363
32.55456614,0.5741,,66.272563
32.56694913,0.535,,66.311663
32.57923293,0.4908,,66.355863
32.59153724,0.4384,,66.408263
32.60415888,0.4648,,66.381863
32.61671591,0.4558,,66.390863
32.6284039,0.4474,,66.399263
32.64072609,0.4235,,66.423163
32.65951419,0.3984,,66.448263
32.67174602,0.4208,,66.425863
32.68476701,0.3982,,66.448463
32.693964,0.3924,,66.454263
32.7104671,0.3976,,66.449063
32.72261405,0.387,,66.459663
32.73816299,0.398,,66.448663
32.74366617,0.387,,66.459663
32.77097106,0.3922,,66.454463
32.77217317,0.4036,,66.443063
32.78489494,0.4002,,66.446463
32.79745412,0.411,,66.435663
32.81000495,0.4223,,66.424363
32.82089806,0.4172,,66.429463
32.83323407,0.4364,,66.410263
32.84928298,0.4207,,66.425963
32.85782504,0.4205,,66.426163
32.87018609,0.3975,,66.449163
32.88254213,0.3742,,66.472463
32.898669,0.3998,,66.446863
32.91097713,0.4176,,66.429063
32.92326307,0.4127,,66.433963
32.93560219,0.3966,,66.450063
32.94794202,0.4236,,66.423063
32.96023202,0.4473,,66.399363
32.97238708,0.4283,,66.418363
32.98523998,0.4133,,66.433363
32.99760199,0.4024,,66.444263
33.01332307,0.3932,,66.453463
33.02576399,0.4114,,66.435263
33.03790116,0.4427,,66.403963
33.05022526,0.447,,66.399663
33.06252694,0.4449,,66.401763
33.07476497,0.4369,,66.409763
33.08734417,0.4239,,66.422763
33.09957504,0.41,,66.436663
33.11191106,0.4272,,66.419463
33.12801814,0.4182,,66.428463
33.14032006,0.417,,66.429663
33.15496302,0.4276,,66.419063
33.16491103,0.4217,,66.424963
33.17747712,0.4323,,66.414363
33.19062614,0.431,,66.415663
33.20609093,0.4287,,66.417963
33.21575904,0.4272,,66.419463
33.22657204,0.4249,,66.421763
33.24269104,0.437,,66.409663
33.25722599,0.4447,,66.401963
33.26730394,0.3984,,66.448263
33.28010011,0.4104,,66.436263
33.29187822,0.4284,,66.418263
33.30868721,0.4248,,66.421863
33.3165071,0.4199,,66.426763
33.32876992,0.4013,,66.445363
33.34137797,0.4247,,66.421963
33.35750508,0.4199,,66.426763
33.37314296,0.4158,,66.430863
33.38255787,0.4275,,66.419163
33.39811397,0.4127,,66.433963
33.40683794,0.4223,,66.424363
33.44569898,0.4249,,66.421763
33.46090794,0.4347,,66.411963
33.46235585,0.4124,,66.434263
33.46341085,0.4131,,66.433563
33.4781301,0.43,,66.416663
33.48438907,0.412,,66.434663
33.49663115,0.4176,,66.429063
33.50898814,0.4394,,66.407263
33.5212431,0.4363,,66.410363
33.53354216,0.4284,,66.418263
33.54576302,0.4206,,66.426063
33.55816507,0.4311,,66.415563
33.57065225,0.4334,,66.413263
33.58340502,0.4231,,66.423563
33.59916306,0.4134,,66.433263
33.61480498,0.4185,,66.428163
33.62396908,0.4092,,66.437463
33.64491415,0.4109,,66.435763
33.64864206,0.419,,66.427663
33.66249394,0.4357,,66.410963
33.67293215,0.4366,,66.410063
33.68517184,0.4232,,66.423463
33.69737911,0.4356,,66.411063
33.71365595,0.4344,,66.412263
33.72610402,0.4311,,66.415563
33.73882604,0.428,,66.418663
33.75068998,0.4107,,66.435963
33.76561403,0.4039,,66.442763
33.77606511,0.4007,,66.445963
33.79657912,0.4262,,66.420463
33.8019619,0.4216,,66.425063
33.81252503,0.4069,,66.439763
33.82954001,0.4127,,66.433963
33.84205317,0.4382,,66.408463
33.85305214,0.4346,,66.412063
33.865206,0.4321,,66.414563
33.87750006,0.4264,,66.420263
33.88989592,0.4085,,66.438163
33.90244699,0.4087,,66.437963
33.91457105,0.4117,,66.434963
33.92680812,0.4065,,66.440163
33.94302011,0.4251,,66.421563
33.95538616,0.4172,,66.429463
33.96760297,0.4094,,66.437263
33.97995496,0.4311,,66.415563
33.99287605,0.4389,,66.407763
34.00683999,0.4197,,66.426963
34.01688814,0.4197,,66.426963
34.03144121,0.4306,,66.416063
34.04159999,0.4215,,66.425163
34.0586381,0.4018,,66.444863
34.07164001,0.4186,,66.428063
34.08565402,0.4409,,66.405763
34.09573007,0.4369,,66.409763
34.10696125,0.4217,,66.424963
34.12089396,0.4265,,66.420163
34.1316669,0.4065,,66.440163
34.14422917,0.3995,,66.447163
34.15634608,0.4105,,66.436163
34.17268205,0.4219,,66.424763
34.185431,0.4255,,66.421163
34.19757605,0.4235,,66.423163
34.20942616,0.4234,,66.423263
34.22166109,0.4114,,66.435263
34.239048,0.4115,,66.435163
34.24942803,0.4479,,66.398763
34.26288986,0.4477,,66.398963
34.27176023,0.435,,66.411663
34.28359127,0.4334,,66.413263
34.29941916,0.4275,,66.419163
34.31169724,0.4065,,66.440163
34.32398891,0.4092,,66.437463
34.33641505,0.4358,,66.410863
34.34881401,0.4255,,66.421163
34.36099815,0.4242,,66.422463
34.37322998,0.426,,66.420663
34.38546395,0.4268,,66.419863
34.39790201,0.4365,,66.410163
34.41406703,0.4246,,66.422063
34.42723823,0.3929,,66.453763
34.43871403,0.3996,,66.447063
34.45097327,0.4154,,66.431263
34.46341085,0.4205,,66.426163
34.476367,0.4176,,66.429063
34.4882791,0.4177,,66.428963
34.50047421,0.4305,,66.416163
34.51249003,0.424,,66.422663
34.52871799,0.4268,,66.419863
34.54104805,0.4256,,66.421063
34.55335593,0.4073,,66.439363
34.56577611,0.4085,,66.438163
34.57795906,0.436,,66.410663
34.59021902,0.4187,,66.427963
34.60260105,0.4131,,66.433563
34.61488724,0.4062,,66.440463
34.62716913,0.421,,66.425663
34.64341712,0.4154,,66.431263
34.65579605,0.4129,,66.433763
34.66816711,0.4174,,66.429263
34.68036819,0.4045,,66.442163
34.69266105,0.4146,,66.432063
34.70496726,0.4095,,66.437163
34.71740007,0.4172,,66.429463
34.72966814,0.4357,,66.410963
34.74191403,0.4359,,66.410763
34.75808907,0.407,,66.439663
34.77071619,0.401,,66.445663
34.78266001,0.4104,,66.436263
34.79636192,0.4253,,66.421363
34.80738306,0.4161,,66.430563
34.81977797,0.4089,,66.437763
34.83196592,0.4167,,66.429963
34.84425211,0.4174,,66.429263
34.85649824,0.4025,,66.444163
34.87277699,0.3968,,66.449863
34.88520288,0.4388,,66.407863
34.8975091,0.4308,,66.415863
34.909688,0.4143,,66.432363
34.92207909,0.4179,,66.428763
34.93432117,0.4095,,66.437163
34.94654799,0.4488,,66.397863
34.95896912,0.4245,,66.422163
34.97165799,0.4049,,66.441763
34.98377013,0.4105,,66.436163
35.00023699,0.4175,,66.429163
35.01224399,0.4186,,66.428063
35.02452517,0.4285,,66.418163
35.03678894,0.4273,,66.419363
35.04896784,0.4073,,66.439363
35.0614059,0.4309,,66.415763
35.07367921,0.4401,,66.406563
35.08608508,0.4473,,66.399363
35.0983541,0.451,,66.395663
35.11621714,0.4072,,66.439463
35.1268332,0.4172,,66.429463
35.14635801,0.4225,,66.424163